{"type":"FeatureCollection","features":[{"type":"Feature","geometry":{"type":"Polygon","coordinates":[[[-73.343178,45.010713],[-74.150135,44.99136],[-74.670527,45.006286],[-74.731301,44.990419],[-74.826576,45.015865],[-74.907948,44.983369],[-74.992727,44.977469],[-75.413734,44.772178],[-75.766936,44.515272],[-75.821379,44.432042],[-75.912827,44.367805],[-76.161825,44.280776],[-76.164258,44.239603],[-76.206774,44.214538],[-76.312639,44.199045],[-76.352679,44.134743],[-76.438287,44.094172],[-76.776233,43.629529],[-78.688295,43.634742],[-79.200936,43.450422],[-79.055932,43.254674],[-79.042299,43.143663],[-79.074459,43.077863],[-79.00713,43.065757],[-79.019964,42.994756],[-78.909159,42.933257],[-78.930559,42.850105],[-78.99976,42.804368],[-79.762418,42.516072],[-79.761954,41.998841],[-77.828396,41.998259],[-75.359645,41.999554],[-75.278763,41.938713],[-75.258316,41.862274],[-75.17246,41.872283],[-75.162879,41.850555],[-75.072248,41.814131],[-75.104711,41.774384],[-75.052969,41.751793],[-75.049687,41.713372],[-75.068957,41.709327],[-75.044181,41.618063],[-75.074678,41.606527],[-74.982821,41.480508],[-74.913035,41.476017],[-74.892625,41.438617],[-74.738732,41.430781],[-74.69558,41.357607],[-73.893628,40.997165],[-74.055749,40.651476],[-74.19143,40.642025],[-74.258843,40.498875],[-74.225331,40.476578],[-73.977874,40.519095],[-73.889645,40.486511],[-73.783969,40.532387],[-73.486496,40.520505],[-73.326272,40.556916],[-73.274025,40.551314],[-72.374529,40.818595],[-71.808163,41.027812],[-71.777491,41.067292],[-71.790972,41.184101],[-71.907258,41.304483],[-73.612885,40.950943],[-73.727775,41.100696],[-73.482695,41.212772],[-73.550962,41.295421],[-73.487319,42.049525],[-73.50821,42.086134],[-73.264827,42.745851],[-73.290944,42.80192],[-73.241579,43.53496],[-73.297324,43.579373],[-73.30644,43.628333],[-73.37189,43.62449],[-73.395768,43.568087],[-73.431229,43.588285],[-73.426463,43.642599],[-73.350762,43.771387],[-73.392517,43.82134],[-73.374162,43.876241],[-73.408554,43.931894],[-73.407645,44.021111],[-73.437905,44.045125],[-73.390625,44.191068],[-73.312741,44.265411],[-73.33495,44.36444],[-73.293627,44.438903],[-73.306713,44.500335],[-73.390231,44.618354],[-73.333154,44.788759],[-73.38159,44.849354],[-73.338979,44.917681],[-73.343178,45.010713]]]},"properties":{"code":"US-NY","name":"New York","country":"US"},"bbox":[-79.762418,40.476578,-71.777491,45.015865]},{"type":"Feature","geometry":{"type":"Polygon","coordinates":[[[-117.0262,42.000195],[-118.676499,41.992154],[-119.999234,41.994944],[-119.995687,40.481752],[-120.001014,38.999574],[-118.621676,38.034438],[-117.244917,37.030244],[-115.921842,36.022349],[-114.633487,35.001857],[-114.602908,35.068588],[-114.646764,35.101868],[-114.578263,35.12881],[-114.569258,35.183424],[-114.604607,35.355239],[-114.678642,35.497628],[-114.653534,35.609672],[-114.689507,35.651429],[-114.712026,35.805529],[-114.705856,35.850508],[-114.661636,35.871233],[-114.740536,35.975545],[-114.722096,36.028952],[-114.754508,36.086171],[-114.630474,36.142218],[-114.615455,36.129653],[-114.511218,36.150576],[-114.504715,36.127188],[-114.4626,36.139644],[-114.445042,36.125346],[-114.405624,36.146983],[-114.370181,36.142624],[-114.306939,36.082487],[-114.313591,36.059048],[-114.243865,36.015266],[-114.137112,36.038491],[-114.120865,36.11085],[-114.043944,36.19335],[-114.050052,37.000191],[-114.050346,38.237104],[-114.047823,39.492326],[-114.043046,40.780326],[-114.041477,41.993873],[-115.687821,41.996802],[-117.0262,42.000195]]]},"properties":{"code":"US-NV","name":"Nevada","country":"US"},"bbox":[-120.001014,35.001857,-114.041477,42.000195]},{"type":"Feature","geometry":{"type":"MultiPolygon","coordinates":[[[[-167.558228,60.224357],[-167.43645,60.108761],[-167.440769,60.056462],[-167.400816,60.026122],[-167.22273,59.993853],[-167.137842,59.944033],[-166.940622,59.911908],[-166.828905,59.85233],[-166.654343,59.802392],[-166.429671,59.801636],[-166.321854,59.773141],[-166.176949,59.699819],[-166.012454,59.705384],[-165.739022,59.841351],[-165.657822,59.836263],[-165.49547,59.870184],[-165.402539,59.967859],[-165.566622,60.058731],[-165.586194,60.329776],[-165.738465,60.405609],[-165.828446,60.39005],[-165.899385,60.403202],[-165.981366,60.374087],[-166.054192,60.469491],[-166.152432,60.510747],[-166.249327,60.491127],[-166.349823,60.417745],[-166.505785,60.447639],[-166.666308,60.385785],[-166.763296,60.381276],[-166.943778,60.278103],[-167.018065,60.266235],[-167.102575,60.290037],[-167.30983,60.290718],[-167.508074,60.263109],[-167.558228,60.224357]]],[[[-172.885693,60.208803],[-172.881018,60.168785],[-172.799541,60.138804],[-172.694193,60.15461],[-172.634324,60.200743],[-172.649219,60.236895],[-172.731545,60.262161],[-172.885693,60.208803]]],[[[-173.232231,60.65434],[-173.140223,60.575533],[-173.158271,60.467492],[-172.931452,60.389684],[-172.87777,60.326309],[-172.596125,60.258622],[-172.407526,60.278764],[-172.295509,60.23883],[-172.189488,60.250816],[-172.120378,60.287337],[-172.122025,60.327013],[-172.347543,60.427747],[-172.530021,60.435741],[-172.760255,60.514181],[-172.815327,60.557852],[-172.828842,60.622246],[-172.943849,60.6507],[-173.012473,60.740372],[-173.158632,60.72877],[-173.232231,60.65434]]],[[[-160.09759,58.599914],[-160.059052,58.547826],[-160.008535,58.534684],[-159.921321,58.543964],[-159.863447,58.578686],[-159.894616,58.63993],[-159.985526,58.664052],[-160.063999,58.646561],[-160.09759,58.599914]]],[[[-160.544058,58.687838],[-160.475339,58.627192],[-160.387627,58.627646],[-160.396861,58.553919],[-160.301029,58.535758],[-160.225597,58.565539],[-160.096265,58.705339],[-160.137618,58.748898],[-160.416039,58.798445],[-160.490372,58.773631],[-160.544058,58.687838]]],[[[-161.436921,64.133553],[-161.414441,64.08677],[-161.306032,64.061969],[-161.209918,64.082046],[-161.176662,64.146856],[-161.310363,64.189368],[-161.393287,64.172014],[-161.436921,64.133553]]],[[[-161.859289,63.610911],[-161.83922,63.570355],[-161.751965,63.552063],[-161.675224,63.566338],[-161.633969,63.604324],[-161.677139,63.642646],[-161.758495,63.654517],[-161.859289,63.610911]]],[[[-168.213963,64.984318],[-168.187035,64.934902],[-168.090879,64.911113],[-167.976149,64.922872],[-167.913829,64.969943],[-167.953076,65.023479],[-168.076108,65.043289],[-168.16909,65.024067],[-168.213963,64.984318]]],[[[-168.869229,65.620853],[-168.7661,65.571484],[-168.626815,65.612373],[-168.666029,65.659831],[-168.734929,65.674299],[-168.820067,65.66519],[-168.869229,65.620853]]],[[[-168.971728,65.713941],[-168.971903,65.688765],[-168.880929,65.685786],[-168.767354,65.730747],[-168.78706,65.784624],[-168.861005,65.817807],[-168.97103,65.814645],[-168.971728,65.713941]]],[[[-171.954672,63.520919],[-171.965319,63.472874],[-171.839244,63.342682],[-171.594551,63.269551],[-171.398887,63.257642],[-171.048383,63.373691],[-170.908249,63.369945],[-170.596895,63.311616],[-170.439075,63.251596],[-170.359422,63.147737],[-170.115416,63.127247],[-169.95276,63.064072],[-169.883781,63.020073],[-169.864597,62.944697],[-169.727891,62.896333],[-169.591036,62.887867],[-169.461551,62.932839],[-169.419861,62.973856],[-169.451083,63.038551],[-169.263785,63.118471],[-169.066713,63.128214],[-168.92278,63.099567],[-168.940357,63.046329],[-168.837331,63.016175],[-168.700727,63.056925],[-168.682789,63.084668],[-168.73346,63.131553],[-168.609261,63.229362],[-168.578617,63.308674],[-168.608363,63.335055],[-169.455539,63.41502],[-169.602285,63.480635],[-169.792993,63.49074],[-169.926599,63.526739],[-169.985628,63.622959],[-170.168075,63.719891],[-170.296846,63.755572],[-170.50403,63.7534],[-170.705152,63.713083],[-170.959155,63.625888],[-171.535603,63.721875],[-171.527026,63.776518],[-171.597879,63.82457],[-171.674734,63.84368],[-171.776372,63.837724],[-171.855926,63.78567],[-171.860196,63.674736],[-171.954672,63.520919]]],[[[-146.50828,59.390727],[-146.473295,59.351673],[-146.37702,59.334195],[-146.265704,59.352914],[-146.159264,59.406076],[-146.172236,59.483815],[-146.242924,59.519954],[-146.284059,59.580406],[-146.358492,59.586056],[-146.418941,59.563326],[-146.427834,59.466669],[-146.50828,59.390727]]],[[[-136.455142,57.831115],[-135.8599,56.9924],[-134.846008,56.233955],[-134.666396,56.147586],[-134.491849,55.997026],[-134.512505,55.955937],[-134.631996,55.898755],[-134.618946,55.834734],[-134.42103,55.748631],[-134.192027,55.693053],[-134.026978,55.892],[-133.995884,55.795201],[-133.930615,55.775926],[-133.837978,55.793297],[-133.831784,55.74151],[-133.887681,55.683639],[-133.798246,55.633231],[-133.907153,55.434003],[-133.873917,55.39884],[-133.771598,55.394323],[-133.775623,55.282245],[-133.691221,55.198473],[-133.611481,55.176459],[-133.790528,55.000581],[-133.648903,54.632045],[-131.203074,54.691317],[-130.726595,54.669923],[-130.64791,54.648906],[-130.625721,54.738073],[-130.659038,54.763058],[-130.344537,54.918813],[-130.187562,55.062841],[-130.102842,55.192602],[-129.974167,55.281919],[-130.127904,55.581035],[-130.111657,55.682901],[-130.152406,55.766287],[-130.003787,55.907442],[-130.003484,56.008075],[-130.103799,56.122798],[-130.246219,56.096411],[-130.426006,56.141561],[-130.46787,56.243054],[-130.62331,56.266878],[-130.781981,56.366844],[-131.087349,56.406005],[-131.581069,56.612231],[-131.835327,56.599203],[-131.901072,56.753675],[-131.872878,56.805994],[-132.123568,56.873648],[-132.04519,57.045059],[-132.368982,57.091513],[-132.247921,57.211253],[-132.553685,57.496514],[-132.869367,57.839713],[-133.070098,58.00034],[-133.172311,58.153676],[-133.461504,58.387723],[-133.377305,58.430549],[-133.707118,58.612274],[-133.840504,58.729444],[-134.258072,58.861037],[-134.336466,58.923413],[-134.31349,58.962182],[-134.407147,58.97921],[-134.381879,59.038763],[-134.483393,59.131602],[-134.565568,59.131123],[-134.679117,59.192274],[-134.700718,59.24901],[-134.959904,59.280927],[-135.030525,59.346348],[-134.989746,59.387129],[-135.10102,59.427531],[-135.02756,59.474738],[-135.0289,59.56366],[-135.219844,59.662776],[-135.233668,59.696144],[-135.479162,59.798041],[-135.952645,59.662166],[-136.192904,59.640027],[-136.353936,59.599827],[-136.23983,59.559412],[-136.238506,59.524326],[-136.305022,59.464518],[-136.368243,59.44896],[-136.477156,59.465824],[-136.469248,59.284079],[-136.584442,59.165854],[-136.828727,59.159959],[-137.282847,58.999998],[-137.451726,58.908349],[-137.526115,58.906371],[-137.5,58.985395],[-137.607354,59.243803],[-138.626199,59.76858],[-138.707376,59.906326],[-139.053673,59.994836],[-139.198847,60.088296],[-139.07482,60.352504],[-139.692982,60.335225],[-139.981093,60.181965],[-140.458209,60.308086],[-140.520427,60.219819],[-141.001833,60.305894],[-141.00144,62.658327],[-141.001313,65.007572],[-141.001128,67.354827],[-141.002782,69.703648],[-141.377896,69.744147],[-143.226433,70.201998],[-143.411447,70.183571],[-143.575659,70.199428],[-143.940585,70.169685],[-144.529104,70.079061],[-144.681468,70.015773],[-144.926553,70.040021],[-145.064983,70.087611],[-145.335508,70.098708],[-145.981781,70.242307],[-146.377918,70.28375],[-146.708963,70.28243],[-146.926522,70.350783],[-147.171908,70.350164],[-147.372518,70.430539],[-147.455158,70.445705],[-147.611266,70.436478],[-147.779436,70.471869],[-147.899626,70.542099],[-148.051965,70.538833],[-148.126929,70.501345],[-148.292512,70.537459],[-148.421305,70.532864],[-148.514939,70.489716],[-148.487009,70.453316],[-148.78726,70.525377],[-148.974944,70.533706],[-149.407348,70.603825],[-149.719131,70.621936],[-149.929511,70.614763],[-150.033533,70.587698],[-150.242712,70.604337],[-150.34524,70.553232],[-150.795152,70.548359],[-151.314977,70.463426],[-151.548891,70.491085],[-151.516778,70.571355],[-151.61274,70.593604],[-152.151851,70.875131],[-152.509757,70.934726],[-153.000113,70.969877],[-153.27431,70.970957],[-153.512403,70.935944],[-153.899175,70.936218],[-154.437675,71.023552],[-154.626275,71.100724],[-155.003322,71.200078],[-155.458865,71.26859],[-155.756215,71.283381],[-155.926428,71.357685],[-156.48772,71.439786],[-156.94083,71.311204],[-157.532422,71.007554],[-157.931469,70.902154],[-158.171463,70.871047],[-158.333536,70.872034],[-158.552723,70.902828],[-158.620767,70.945568],[-158.733998,70.963119],[-159.23844,70.920281],[-159.755467,70.830526],[-160.414217,70.561298],[-160.907861,70.415742],[-161.315134,70.347256],[-161.948657,70.374742],[-162.465221,70.217243],[-163.133561,69.838702],[-163.287772,69.632384],[-163.289589,69.430357],[-163.380589,69.320219],[-163.650798,69.168692],[-164.020365,69.03315],[-164.279379,68.979617],[-165.357048,68.908939],[-165.620856,68.903708],[-166.200151,68.933823],[-166.347428,68.900386],[-166.333297,68.696133],[-166.443925,68.478486],[-166.912914,68.385326],[-166.971567,68.35606],[-166.942041,68.302594],[-166.651983,68.288318],[-166.364776,68.244265],[-166.177537,68.18503],[-166.095919,68.118267],[-165.966042,68.072492],[-165.516403,68.023621],[-164.655222,67.692448],[-164.230313,67.575054],[-164.00451,67.397808],[-163.905647,67.253437],[-163.882534,67.214976],[-164.002718,67.172554],[-163.911385,67.104695],[-163.781524,67.06976],[-163.049471,66.986611],[-162.832032,66.926813],[-163.626215,66.624174],[-164.220991,66.6385],[-164.691599,66.600378],[-165.43444,66.47523],[-166.093966,66.315998],[-166.719474,66.148046],[-167.520823,65.878152],[-168.155129,65.728351],[-168.231887,65.622567],[-168.167584,65.546902],[-167.938029,65.499896],[-167.488585,65.360414],[-166.94893,65.307909],[-167.072439,65.199782],[-167.072981,65.138385],[-166.761901,64.963493],[-166.522688,64.871103],[-166.582187,64.822089],[-166.590163,64.738948],[-166.49126,64.618958],[-166.281388,64.544956],[-166.353875,64.506444],[-166.271959,64.43778],[-166.133535,64.438212],[-166.07779,64.520459],[-165.335918,64.444417],[-165.032205,64.387987],[-164.754801,64.407824],[-164.355355,64.508447],[-163.976218,64.508316],[-163.814064,64.531186],[-163.536172,64.503581],[-163.363754,64.445642],[-163.241932,64.360743],[-162.795802,64.275674],[-162.557921,64.355794],[-162.471983,64.486843],[-162.313491,64.542789],[-161.59084,64.335541],[-161.493433,64.328378],[-161.413899,64.358587],[-161.075402,64.206652],[-161.04566,64.022467],[-160.87698,63.796878],[-161.008489,63.677677],[-161.098069,63.656136],[-161.142543,63.604178],[-161.314358,63.519229],[-161.687774,63.514617],[-161.840405,63.493288],[-161.95696,63.557209],[-162.222744,63.596914],[-162.304355,63.672025],[-162.544043,63.694697],[-162.691327,63.667729],[-162.816031,63.60337],[-162.772898,63.529747],[-162.641963,63.48499],[-162.437773,63.491994],[-162.700287,63.291175],[-162.870861,63.253559],[-162.958127,63.176791],[-163.118702,63.101558],[-163.252479,63.092454],[-163.658101,63.249717],[-164.015762,63.313955],[-164.128906,63.315302],[-164.495673,63.251159],[-164.743802,63.093231],[-164.89979,63.052322],[-164.915884,62.902607],[-165.036271,62.828905],[-164.986703,62.76074],[-165.247324,62.709894],[-165.213091,62.614431],[-165.338687,62.576038],[-165.44887,62.391022],[-165.90181,62.119276],[-166.005766,62.123444],[-166.096216,62.073453],[-166.129818,62.025297],[-166.075946,61.98305],[-166.112514,61.873144],[-166.22973,61.798331],[-166.286429,61.603104],[-166.19449,61.459867],[-166.0313,61.395299],[-165.990387,61.316435],[-165.837561,61.238721],[-165.66365,61.057809],[-165.41667,61.01248],[-165.236558,61.05009],[-165.30215,60.96644],[-165.170523,60.876928],[-165.176175,60.796326],[-165.123369,60.736627],[-165.340191,60.638268],[-165.445579,60.623523],[-165.513831,60.539637],[-165.405557,60.465515],[-165.239556,60.443226],[-165.141447,60.357979],[-164.971916,60.277019],[-164.74881,60.240313],[-164.597386,60.158238],[-164.488226,60.054962],[-164.342832,60.002931],[-164.449658,59.953338],[-164.415696,59.884867],[-164.274627,59.778311],[-164.0133,59.637759],[-163.811949,59.620834],[-163.739949,59.668649],[-163.787797,59.709192],[-163.896892,59.714642],[-163.993706,59.76376],[-163.707703,59.741126],[-163.145863,59.795642],[-162.947224,59.768288],[-162.82609,59.80066],[-162.818048,59.840276],[-162.698375,59.891816],[-162.449848,59.884616],[-162.441661,59.844078],[-162.364341,59.810869],[-162.178329,59.814842],[-161.871266,59.524791],[-161.914449,59.469289],[-162.053612,59.40899],[-162.171006,59.247568],[-162.102198,59.128752],[-161.902474,58.977602],[-161.851201,58.807983],[-161.949166,58.724329],[-162.168522,58.710276],[-162.268985,58.667557],[-162.270411,58.622126],[-162.210504,58.592566],[-162.081765,58.564899],[-161.870716,58.570413],[-161.817568,58.505726],[-161.704228,58.496911],[-161.61702,58.506774],[-161.457832,58.585966],[-161.233978,58.643453],[-161.177037,58.607068],[-161.140958,58.50334],[-160.933436,58.496109],[-160.793303,58.560097],[-160.601628,58.793323],[-160.608715,58.843621],[-160.343087,58.880542],[-160.273449,58.788731],[-160.172238,58.769329],[-160.089153,58.806303],[-159.939081,58.717906],[-159.811719,58.73545],[-159.701694,58.796397],[-159.544685,58.778419],[-159.151388,58.415773],[-159.148388,58.370302],[-159.07885,58.339257],[-158.772683,58.354928],[-158.638214,58.413247],[-158.605235,58.455592],[-158.213032,58.542604],[-158.147875,58.54378],[-158.069822,58.490317],[-158.893482,56.999841],[-158.893585,56.945059],[-159.173914,56.81445],[-159.905139,56.578175],[-160.032089,56.49695],[-160.225416,56.4336],[-160.439433,56.298814],[-160.545655,56.115279],[-160.616035,56.067421],[-161.211108,56.06741],[-161.82575,55.942655],[-162.289791,55.724866],[-162.570878,55.515819],[-162.935161,55.382051],[-163.141331,55.231961],[-163.567947,55.100158],[-163.770299,55.108826],[-163.912702,55.090584],[-164.047447,55.020657],[-164.157871,55.015654],[-164.297882,54.95264],[-164.418151,54.979558],[-164.521182,54.969124],[-164.627744,54.911533],[-164.651179,54.844199],[-164.78278,54.691702],[-164.903045,54.666465],[-165.019622,54.606704],[-165.036772,54.561889],[-164.99563,54.457309],[-164.871297,54.364045],[-164.776446,54.339084],[-164.663344,54.337538],[-164.414987,54.368823],[-164.276684,54.437207],[-164.22786,54.523664],[-164.122671,54.556119],[-163.757872,54.572029],[-163.564053,54.539592],[-163.435882,54.602813],[-163.025633,54.611155],[-162.954776,54.659815],[-162.968606,54.708702],[-163.137298,54.829815],[-163.0632,54.879518],[-162.967801,54.882516],[-162.893903,54.844238],[-162.846813,54.848427],[-162.790797,54.888816],[-162.642997,54.933322],[-162.578894,54.908523],[-162.614602,54.877898],[-162.59998,54.826812],[-162.483085,54.792724],[-162.554931,54.749344],[-162.52624,54.694687],[-162.459877,54.666524],[-162.490348,54.622377],[-162.479815,54.540932],[-162.428512,54.507669],[-162.365035,54.507693],[-162.240473,54.640528],[-162.104846,54.618286],[-162.048021,54.631914],[-162.02852,54.65912],[-162.056572,54.704532],[-161.96467,54.716935],[-161.935837,54.695241],[-161.841016,54.684516],[-161.698367,54.747442],[-161.639844,54.736159],[-161.590314,54.749847],[-161.576738,54.81421],[-161.717277,54.895744],[-161.666681,54.928116],[-161.672281,54.959246],[-161.58458,54.967949],[-161.470086,54.949729],[-161.384881,54.973964],[-161.353147,55.019596],[-161.417726,55.066821],[-161.272255,55.100089],[-161.248508,55.193258],[-161.155505,55.222462],[-161.080383,55.214364],[-161.01604,55.25142],[-161.019724,55.284664],[-161.068997,55.312391],[-161.12859,55.313389],[-161.18561,55.285761],[-161.239516,55.298458],[-160.907905,55.420374],[-160.859006,55.419874],[-160.953424,55.325367],[-160.899676,55.09535],[-160.836775,55.068151],[-160.786356,55.070815],[-160.709692,55.112055],[-160.607676,55.098361],[-160.57326,55.036982],[-160.519469,55.025123],[-160.430926,55.064862],[-160.446923,55.108174],[-160.366832,55.196475],[-160.278369,55.205074],[-160.221351,55.289228],[-160.238966,55.340275],[-160.203577,55.335775],[-160.130092,55.238675],[-160.149679,55.196376],[-160.285318,55.124556],[-160.244364,55.022575],[-160.343393,54.930881],[-160.315781,54.843288],[-160.258106,54.806889],[-160.155422,54.829019],[-160.093976,54.890379],[-159.986819,54.891218],[-159.952976,54.929384],[-159.875027,54.904242],[-159.816042,54.909532],[-159.724503,55.017793],[-159.676556,54.987239],[-159.564821,54.991395],[-159.541443,54.923955],[-159.431783,54.894197],[-159.362297,54.828315],[-159.226601,54.820679],[-159.132695,54.885531],[-159.113256,54.93033],[-159.25014,54.9981],[-159.203204,55.043344],[-159.233423,55.098642],[-159.410886,55.123496],[-159.415307,55.315381],[-159.482601,55.336294],[-159.544335,55.328407],[-159.609058,55.26779],[-159.737892,55.222287],[-159.804214,55.323975],[-159.883555,55.345198],[-159.932583,55.336981],[-159.996367,55.390194],[-160.050544,55.395777],[-160.041162,55.448879],[-159.951138,55.507583],[-159.538153,55.532006],[-159.505046,55.558108],[-159.521517,55.600894],[-159.446868,55.638531],[-158,55.639444],[-157.098709,56.238308],[-157.129765,56.268695],[-156.330713,56.749278],[-156.316483,57.105502],[-156.227811,57.162455],[-156.247041,57.243776],[-156.167196,57.345852],[-155.939758,57.41287],[-155.844485,57.497513],[-155.66796,57.508352],[-155.639486,57.602267],[-155.459864,57.637648],[-155.360914,57.625029],[-155.300397,57.642894],[-155.15006,57.750022],[-155.160861,57.790588],[-155.043525,57.81239],[-154.940742,57.975071],[-154.893803,57.983541],[-154.800929,57.959148],[-154.708989,57.982295],[-154.390744,57.999301],[-154.133654,58.100141],[-153.970038,58.312724],[-153.858557,58.374274],[-153.881794,58.456499],[-153.810656,58.515386],[-153.692361,58.493506],[-153.628003,58.508297],[-153.592668,58.542253],[-153.461482,58.572608],[-153.478776,58.641694],[-153.318021,58.712962],[-153.244798,58.70747],[-153.186964,58.729345],[-153.165925,58.764984],[-153.2025,58.801333],[-153.151647,58.857561],[-153.184086,58.905729],[-153.02118,59.002452],[-151.444173,59.099687],[-150.992194,59.180837],[-149.6213,59.527516],[-149.467504,59.733767],[-149.269625,59.84542],[-148.980202,59.893721],[-148.218506,59.87564],[-147.956439,59.744131],[-147.68724,59.74168],[-147.334827,59.833874],[-147.280964,59.878726],[-147.24174,59.998317],[-147.10194,60.081337],[-145.976568,60.314652],[-145.824323,60.315117],[-145.317687,60.179691],[-145.097975,60.146112],[-144.776015,60.129592],[-144.607277,60.078347],[-144.539684,60.010149],[-144.777798,59.829935],[-144.778103,59.778563],[-144.67677,59.727395],[-144.542182,59.719321],[-144.410509,59.746274],[-144.144078,59.919452],[-143.946679,59.930834],[-143.539451,59.999939],[-142.757379,60.052228],[-141.939648,59.964038],[-140.912873,59.698455],[-140.425097,59.65703],[-139.392875,59.318184],[-138.967006,59.211547],[-138.637702,59.079645],[-138.278948,59.00045],[-138.021467,58.861449],[-137.99604,58.749505],[-137.775938,58.640754],[-137.72061,58.570857],[-137.602565,58.541748],[-137.120297,58.329663],[-137.0145,58.344311],[-136.814412,58.18879],[-136.658394,58.145646],[-136.515428,58.180583],[-136.510268,58.153464],[-136.650241,58.102629],[-136.679148,58.014266],[-136.644621,57.883768],[-136.455142,57.831115]]],[[[179.388742,51.941917],[179.456803,51.859889],[179.623212,51.818988],[179.78507,51.862639],[179.859681,51.960366],[179.77102,52.04083],[179.658381,52.07827],[179.540865,52.064166],[179.429602,52.023583],[179.388742,51.941917]]],[[[178.531813,51.649692],[178.551773,51.599855],[178.790241,51.492458],[178.896012,51.492535],[179.181053,51.30545],[179.51087,51.308265],[179.568,51.339374],[179.576908,51.376814],[179.522519,51.419149],[179.425221,51.462817],[179.287067,51.469823],[179.226815,51.512934],[179.170325,51.523028],[179.040169,51.640035],[178.607285,51.716523],[178.559492,51.701652],[178.531813,51.649692]]],[[[178.123832,51.843984],[178.140529,51.796534],[178.249881,51.724474],[178.400459,51.703609],[178.496347,51.744522],[178.431153,51.826968],[178.332176,51.870854],[178.197953,51.888858],[178.123832,51.843984]]],[[[178.003453,52.049588],[178.016307,51.9787],[178.059675,51.948114],[178.19587,51.948843],[178.260541,51.910156],[178.371085,51.906843],[178.502096,51.846941],[178.580728,51.859552],[178.666904,51.930252],[178.663949,51.982846],[178.61658,52.009375],[178.512412,52.043436],[178.402664,52.021704],[178.267159,52.037451],[178.162716,52.10665],[178.076903,52.100001],[178.003453,52.049588]]],[[[177.933898,51.872279],[177.997184,51.822029],[178.066398,51.827204],[178.101277,51.862965],[178.093707,51.8945],[178.034347,51.922606],[177.97441,51.914632],[177.933898,51.872279]]],[[[177.28016,52.127579],[177.345113,52.07209],[177.445931,52.111333],[177.437924,52.146873],[177.383655,52.174276],[177.315409,52.160976],[177.28016,52.127579]]],[[[177.111976,51.890542],[177.14247,51.842192],[177.345315,51.757738],[177.415205,51.791044],[177.41624,51.871217],[177.546408,51.861616],[177.735965,51.902128],[177.819191,51.895356],[177.874,51.956098],[177.811556,51.995308],[177.703157,52.007035],[177.760432,52.061168],[177.764609,52.120971],[177.703781,52.163026],[177.586706,52.189506],[177.498081,52.151628],[177.416431,52.038128],[177.320851,52.021228],[177.165962,51.949032],[177.111976,51.890542]]],[[[175.765283,52.38732],[175.831392,52.305577],[175.896612,52.281263],[176.009925,52.299553],[176.062872,52.350191],[176.021789,52.402409],[175.874777,52.439709],[175.794791,52.42479],[175.765283,52.38732]]],[[[173.773783,52.781588],[173.837962,52.716023],[174.017984,52.671838],[174.162514,52.656735],[174.23441,52.695083],[174.232727,52.757294],[174.128629,52.801212],[174.050148,52.789084],[173.870638,52.83479],[173.802008,52.819658],[173.773783,52.781588]]],[[[173.273404,52.410461],[173.321532,52.349977],[173.533699,52.33177],[173.638633,52.29425],[173.747703,52.299968],[173.814072,52.353347],[173.780586,52.450784],[173.844605,52.488872],[173.855587,52.52833],[173.778133,52.566102],[173.608254,52.559873],[173.480493,52.502566],[173.421586,52.507283],[173.33669,52.476152],[173.273404,52.410461]]],[[[172.34934,52.922194],[172.362586,52.887021],[172.419377,52.859746],[172.587312,52.809143],[172.716071,52.73241],[172.814384,52.730843],[172.901468,52.681603],[173.036015,52.72846],[173.045781,52.74885],[173.103306,52.72979],[173.209628,52.739651],[173.361973,52.695756],[173.414338,52.728152],[173.403376,52.777562],[173.526057,52.774482],[173.580647,52.815485],[173.489549,52.900115],[173.431654,52.917492],[173.392593,52.90745],[173.321938,52.992121],[173.238356,52.99976],[173.132208,53.043958],[172.954158,53.038951],[172.763623,53.065256],[172.623154,53.053152],[172.376405,52.959617],[172.34934,52.922194]]],[[[-168.135022,53.951464],[-168.072854,53.879532],[-168.014887,53.876308],[-167.963187,53.901336],[-167.959039,53.9637],[-167.989561,53.989305],[-168.082956,53.992437],[-168.135022,53.951464]]],[[[-169.879632,56.614799],[-169.804777,56.547369],[-169.676092,56.496226],[-169.581263,56.483228],[-169.526637,56.492976],[-169.377545,56.587729],[-169.401641,56.636553],[-169.509265,56.667471],[-169.802528,56.673969],[-169.862553,56.651998],[-169.879632,56.614799]]],[[[-170.0505,57.186876],[-170.022459,57.144325],[-169.968982,57.127984],[-169.886869,57.145438],[-169.847694,57.184897],[-169.87123,57.221536],[-169.939992,57.23894],[-170.007985,57.225299],[-170.0505,57.186876]]],[[[-170.272992,52.748515],[-170.250063,52.681089],[-170.173754,52.662888],[-170.048398,52.670624],[-169.975547,52.738118],[-169.848754,52.76311],[-169.738039,52.720987],[-169.65972,52.726226],[-169.586601,52.814138],[-169.593389,52.88952],[-169.633615,52.92906],[-169.575239,52.993707],[-169.61407,53.069807],[-169.742299,53.130767],[-169.838534,53.116277],[-169.883215,53.045187],[-169.832955,53.009965],[-169.817745,52.937355],[-169.908158,52.922549],[-169.963421,52.963224],[-170.116519,52.963131],[-170.198591,52.916433],[-170.190133,52.862832],[-170.152789,52.835824],[-170.206764,52.822763],[-170.272992,52.748515]]],[[[-170.522709,57.193374],[-170.495259,57.128308],[-170.414797,57.104734],[-170.50837,57.062374],[-170.487284,57.012518],[-170.444143,56.996134],[-170.354132,57.002323],[-170.305369,57.056741],[-170.111782,57.136709],[-170.016511,57.266581],[-170.065379,57.297926],[-170.15889,57.304372],[-170.261697,57.264134],[-170.438185,57.254879],[-170.522709,57.193374]]],[[[-170.926037,52.558644],[-170.887588,52.513829],[-170.793769,52.487099],[-170.674426,52.539876],[-170.575685,52.554871],[-170.47402,52.638387],[-170.508314,52.721165],[-170.630402,52.751594],[-170.770387,52.721094],[-170.888913,52.649271],[-170.926037,52.558644]]],[[[-171.393296,52.480854],[-171.358353,52.412545],[-171.294308,52.393134],[-171.206259,52.398891],[-171.136496,52.445671],[-171.111845,52.507559],[-171.033563,52.548524],[-171.022429,52.603717],[-171.093204,52.632952],[-171.179158,52.638661],[-171.248557,52.580856],[-171.374433,52.537118],[-171.393296,52.480854]]],[[[-172.720689,52.264364],[-172.676008,52.210576],[-172.510603,52.199946],[-172.377915,52.228363],[-172.228442,52.296193],[-172.224328,52.369429],[-172.379489,52.441278],[-172.464878,52.440924],[-172.633239,52.387863],[-172.720689,52.264364]]],[[[-175.224817,52.232965],[-175.152541,52.162979],[-175.078685,52.177174],[-175.036327,52.217628],[-175.053573,52.251305],[-175.119803,52.28054],[-175.204645,52.259112],[-175.224817,52.232965]]],[[[-175.609756,52.183004],[-175.598652,52.146684],[-175.512361,52.107374],[-175.454742,52.12095],[-175.404267,52.171636],[-175.419071,52.205473],[-175.492047,52.237577],[-175.5793,52.220238],[-175.609756,52.183004]]],[[[-177.551739,51.915525],[-177.532569,51.872991],[-177.468963,51.839857],[-177.380856,51.855738],[-177.33258,51.900771],[-177.364691,51.956825],[-177.459546,51.982884],[-177.551739,51.915525]]],[[[-178.307787,51.881608],[-178.272468,51.823118],[-178.132047,51.757855],[-178.192339,51.720847],[-178.189368,51.633673],[-177.899354,51.540218],[-177.830532,51.570046],[-177.824904,51.631055],[-177.783402,51.647859],[-177.727713,51.610964],[-177.657686,51.598664],[-177.581156,51.613262],[-177.553784,51.639772],[-177.452033,51.640201],[-177.40298,51.670381],[-177.372288,51.641571],[-177.281097,51.627612],[-177.126859,51.65337],[-177.03409,51.732737],[-177.040282,51.807702],[-176.983683,51.833806],[-177.004157,51.78778],[-176.970216,51.743689],[-177.045439,51.690705],[-177.074333,51.620907],[-177.042558,51.566089],[-176.942789,51.537071],[-176.86215,51.570401],[-176.801395,51.559409],[-176.698731,51.578428],[-176.456544,51.676426],[-176.255186,51.695376],[-176.211341,51.73314],[-176.133205,51.721627],[-176.041836,51.755847],[-175.964713,51.755425],[-175.913035,51.800354],[-175.82711,51.805443],[-175.805938,51.86646],[-175.711936,51.873207],[-175.635931,51.91117],[-175.409982,51.930184],[-175.348719,51.962585],[-175.05636,51.948159],[-174.869303,51.989102],[-174.745065,51.955646],[-174.594282,51.978412],[-174.480891,51.952497],[-174.350394,51.980336],[-174.313974,52.036226],[-174.277153,52.045397],[-174.049865,52.055238],[-173.970685,52.014229],[-173.853954,51.991263],[-173.637864,52.003657],[-173.518598,51.971648],[-173.356675,51.980826],[-173.243181,52.009403],[-173.224871,51.974605],[-173.151261,51.947141],[-173.085163,51.974931],[-173.069999,52.025987],[-172.923058,52.02416],[-172.819916,52.104974],[-172.89487,52.155502],[-173.309768,52.154998],[-173.440764,52.168764],[-173.506303,52.213138],[-173.732104,52.183254],[-173.871817,52.202895],[-173.990472,52.183143],[-173.904632,52.293661],[-173.92292,52.378067],[-174.030867,52.439383],[-174.157855,52.47302],[-174.328847,52.450699],[-174.410698,52.376437],[-174.524863,52.348166],[-174.537649,52.317036],[-174.494395,52.26533],[-174.553484,52.259493],[-174.588998,52.228725],[-174.668509,52.225201],[-174.794704,52.150215],[-174.925233,52.16391],[-174.993214,52.136408],[-175.059425,52.136614],[-175.102363,52.108619],[-175.36446,52.072047],[-175.41243,52.035986],[-175.47036,52.042835],[-175.549135,52.009879],[-175.739328,52.0213],[-175.806457,52.043669],[-175.853662,52.096526],[-175.927769,52.091068],[-175.991918,52.149671],[-176.148375,52.171465],[-176.224434,52.153126],[-176.285381,52.094083],[-176.242864,51.926742],[-176.26931,51.918966],[-176.452771,51.907931],[-176.488479,52.026042],[-176.60128,52.05656],[-176.691487,52.017718],[-176.827006,52.009129],[-176.910199,51.889633],[-176.970985,51.861107],[-176.970048,51.924505],[-177.016896,51.965032],[-177.148901,51.998405],[-177.206209,51.99311],[-177.267458,51.959628],[-177.308894,51.836793],[-177.406215,51.836235],[-177.542051,51.788268],[-177.564302,51.79598],[-177.532262,51.855099],[-177.56776,51.897244],[-177.811926,51.890772],[-177.947003,51.971312],[-178.10724,51.976507],[-178.228439,51.956872],[-178.307787,51.881608]]],[[[-178.431181,51.489119],[-178.387409,51.43681],[-178.304339,51.421343],[-178.218127,51.43149],[-178.190967,51.456449],[-178.202265,51.503899],[-178.278961,51.541983],[-178.390073,51.529163],[-178.431181,51.489119]]],[[[-178.957281,51.780799],[-178.86849,51.711691],[-178.796186,51.693395],[-178.700904,51.716539],[-178.646648,51.799395],[-178.719111,51.865253],[-178.839363,51.888321],[-178.915324,51.858082],[-178.957281,51.780799]]],[[[-179.149505,51.576595],[-179.102529,51.513451],[-179.002362,51.521635],[-178.950306,51.564802],[-178.800193,51.485859],[-178.636421,51.524794],[-178.550193,51.508484],[-178.440624,51.550863],[-178.421676,51.587283],[-178.470398,51.628669],[-178.634301,51.666484],[-178.725892,51.652661],[-178.768295,51.616613],[-178.844584,51.637626],[-178.89076,51.62853],[-178.948608,51.587304],[-179.000816,51.631699],[-179.078278,51.643636],[-179.123995,51.62626],[-179.149505,51.576595]]],[[[-179.230233,51.283927],[-179.183815,51.183776],[-179.073599,51.179041],[-178.978869,51.255247],[-178.832806,51.323588],[-178.835223,51.390808],[-178.913908,51.444215],[-178.990148,51.456826],[-179.093238,51.390936],[-179.107599,51.353676],[-179.196482,51.329808],[-179.230233,51.283927]]],[[[-159.910335,54.814168],[-159.835076,54.74546],[-159.765405,54.739772],[-159.688578,54.765596],[-159.652435,54.717778],[-159.547872,54.699296],[-159.469294,54.720968],[-159.416439,54.782003],[-159.556116,54.880262],[-159.636302,54.871797],[-159.729289,54.894163],[-159.854642,54.864402],[-159.910335,54.814168]]],[[[-161.194534,55.159004],[-161.166058,55.122126],[-161.095663,55.103455],[-161.019971,55.129239],[-161.005419,55.163466],[-161.043863,55.201088],[-161.109062,55.208002],[-161.194534,55.159004]]],[[[-162.81901,54.811158],[-162.802591,54.775817],[-162.740178,54.753102],[-162.677799,54.762716],[-162.637688,54.801121],[-162.67295,54.843441],[-162.725169,54.857394],[-162.76939,54.853364],[-162.81901,54.811158]]],[[[-163.013694,54.385087],[-162.983266,54.337776],[-162.875174,54.339016],[-162.700084,54.237969],[-162.546943,54.24802],[-162.492287,54.293828],[-162.282203,54.330965],[-162.238381,54.369921],[-162.248209,54.399265],[-162.354352,54.456691],[-162.860626,54.554311],[-162.93884,54.521145],[-162.959878,54.428017],[-163.013694,54.385087]]],[[[-163.270887,55.431718],[-163.247051,55.374497],[-163.153941,55.343123],[-163.070964,55.361327],[-163.027938,55.42083],[-163.076008,55.488687],[-163.173878,55.532122],[-163.259997,55.506228],[-163.270887,55.431718]]],[[[-165.961086,53.916243],[-165.788966,54.016236],[-165.702672,54.034136],[-165.657173,54.036336],[-165.606712,53.976843],[-165.563239,53.967282],[-165.403066,54.017135],[-165.269632,53.980731],[-165.184461,54.01701],[-164.922796,54.028475],[-164.881048,54.043429],[-164.82194,54.130809],[-164.692056,54.182185],[-164.687755,54.250118],[-164.805369,54.282392],[-165.066871,54.180086],[-165.320971,54.144534],[-165.242817,54.177874],[-165.232074,54.21652],[-165.345177,54.251033],[-165.406766,54.326678],[-165.462493,54.346822],[-165.65555,54.347051],[-165.725162,54.306271],[-165.769002,54.239179],[-165.93722,54.276985],[-166.137536,54.214253],[-166.20243,54.119824],[-166.140833,54.046933],[-166.243221,54.030232],[-166.354438,54.06111],[-166.755805,54.068824],[-167.053993,54.008613],[-167.230077,53.888252],[-167.234071,53.814243],[-167.164881,53.773842],[-167.138205,53.709423],[-167.244377,53.629418],[-167.23038,53.566734],[-167.296282,53.539731],[-167.360468,53.54007],[-167.42239,53.498127],[-167.50266,53.495318],[-167.555203,53.465421],[-167.752427,53.421512],[-167.695985,53.514609],[-167.762306,53.568024],[-167.875044,53.56905],[-167.948346,53.610386],[-168.080342,53.620491],[-168.284012,53.571137],[-168.415259,53.509447],[-168.476672,53.450596],[-168.477602,53.378691],[-168.66687,53.315224],[-168.819434,53.221677],[-168.883072,53.150172],[-168.872783,53.081724],[-168.965352,53.050747],[-169.000092,52.982799],[-169.109409,52.95839],[-169.197133,52.964882],[-169.23388,52.945895],[-169.255424,52.884499],[-169.188212,52.85067],[-169.294273,52.811626],[-169.319661,52.739541],[-169.267617,52.716279],[-169.188837,52.724699],[-168.82705,52.85839],[-168.743002,52.854731],[-168.557114,52.95822],[-168.476273,52.919483],[-168.353574,52.948171],[-168.312586,52.988951],[-168.333987,53.083187],[-168.257713,53.141895],[-168.169901,53.158595],[-168.132158,53.219282],[-168.044049,53.244187],[-168.01052,53.220269],[-167.76844,53.182015],[-167.592511,53.174046],[-167.448576,53.213919],[-167.364381,53.276505],[-167.255145,53.28733],[-167.219879,53.325512],[-167.106758,53.366991],[-166.724799,53.394204],[-166.522294,53.493288],[-166.378655,53.602141],[-166.174938,53.659778],[-165.97636,53.771061],[-165.92267,53.845957],[-165.961086,53.916243]]],[[[-152.466527,58.914995],[-152.401448,58.836674],[-152.314622,58.819997],[-152.134072,58.858118],[-152.017165,58.828518],[-151.883201,58.880683],[-151.851641,58.917348],[-151.937184,58.9883],[-152.145403,59.017887],[-152.245651,58.993457],[-152.32345,59.007459],[-152.414022,58.992239],[-152.466527,58.914995]]],[[[-154.933694,57.294678],[-154.831099,57.230644],[-154.685766,57.214222],[-154.619782,57.16236],[-154.608606,56.970275],[-154.387719,56.895618],[-154.385524,56.830269],[-154.217826,56.720467],[-154.236672,56.667573],[-154.352106,56.63254],[-154.540498,56.655844],[-154.758106,56.559815],[-154.893847,56.444724],[-154.862939,56.383851],[-154.725732,56.355219],[-154.498209,56.455784],[-154.429877,56.441143],[-154.340563,56.464402],[-154.233608,56.443474],[-153.904671,56.46198],[-153.806605,56.50936],[-153.76494,56.588083],[-153.842106,56.620565],[-153.98212,56.609011],[-153.99976,56.634951],[-153.919919,56.642539],[-153.890075,56.671708],[-153.800432,56.689928],[-153.747553,56.745044],[-153.760419,56.776474],[-153.488701,56.863668],[-153.450947,56.90034],[-153.476856,56.941319],[-153.449095,56.97081],[-153.32,56.940938],[-153.205548,56.953218],[-153.098289,57.040313],[-152.834162,57.094425],[-152.774367,57.160559],[-152.835629,57.217365],[-152.642719,57.235372],[-152.415584,57.38447],[-152.383147,57.335407],[-152.337676,57.32158],[-152.258481,57.323429],[-152.186344,57.353181],[-152.156516,57.405855],[-152.216486,57.438229],[-152.222437,57.475299],[-152.063498,57.571205],[-152.034856,57.653319],[-152.07979,57.686297],[-152.137954,57.829809],[-152.255231,57.86627],[-152.235584,57.949935],[-152.474517,58.045427],[-152.453348,58.059287],[-152.31231,58.049636],[-152.055267,58.104534],[-151.966392,58.153742],[-151.884181,58.112956],[-151.782174,58.12876],[-151.715655,58.175524],[-151.690505,58.235134],[-151.755183,58.303397],[-151.707285,58.331345],[-151.712804,58.37398],[-151.794995,58.400596],[-151.895216,58.371705],[-152.071909,58.440027],[-152.18205,58.451952],[-152.079824,58.478592],[-152.065493,58.52676],[-152.182827,58.573973],[-152.247712,58.680728],[-152.312588,58.700448],[-152.384799,58.690424],[-152.43454,58.750777],[-152.545567,58.742446],[-152.719078,58.63538],[-152.775121,58.549412],[-152.846898,58.531501],[-153.200035,58.266252],[-153.470198,58.108699],[-153.506579,58.066226],[-153.480194,58.018844],[-153.786622,57.917712],[-153.917133,57.916559],[-154.240065,57.715467],[-154.407011,57.690525],[-154.480937,57.631856],[-154.589023,57.612885],[-154.722966,57.527955],[-154.815397,57.412787],[-154.888628,57.381918],[-154.933694,57.294678]]],[[[-155.8368,55.800824],[-155.794349,55.729594],[-155.528092,55.705848],[-155.474751,55.741459],[-155.474353,55.913594],[-155.6341,55.925471],[-155.8368,55.800824]]],[[[-156.902033,56.165445],[-156.883602,56.12284],[-156.81717,56.104096],[-156.846528,56.030229],[-156.822209,55.967556],[-156.764,55.953001],[-156.647785,55.962302],[-156.553324,56.027075],[-156.550152,56.076641],[-156.609848,56.132149],[-156.675867,56.152499],[-156.651112,56.20096],[-156.690626,56.257249],[-156.770234,56.279793],[-156.841994,56.27008],[-156.902033,56.165445]]]]},"properties":{"code":"US-AK","name":"Alaska","country":"US"},"bbox":[-179.230233,51.179041,179.859681,71.439786]},{"type":"Feature","geometry":{"type":"MultiPolygon","coordinates":[[[[-168.225273,-14.535906],[-168.206757,-14.590092],[-168.173538,-14.601339],[-168.129102,-14.597259],[-168.102229,-14.554034],[-168.115941,-14.500225],[-168.152228,-14.477848],[-168.199527,-14.490126],[-168.225273,-14.535906]]],[[[-171.141181,-11.046608],[-171.133871,-11.090534],[-171.098344,-11.107869],[-171.032173,-11.105088],[-171.011378,-11.078143],[-171.014071,-11.023701],[-171.036338,-11.002911],[-171.1114,-11.003792],[-171.141181,-11.046608]]],[[[-169.446034,-14.30487],[-169.397398,-14.307179],[-169.370674,-14.279525],[-169.366896,-14.202075],[-169.385643,-14.174606],[-169.5,-14.166052],[-169.547009,-14.184333],[-169.562366,-14.125],[-169.599242,-14.105392],[-169.678021,-14.111522],[-169.720453,-14.137715],[-169.722804,-14.18937],[-169.680352,-14.230597],[-169.608646,-14.237915],[-169.566847,-14.221479],[-169.558872,-14.258917],[-169.513397,-14.307785],[-169.446034,-14.30487]]],[[[-170.53809,-14.336129],[-170.491495,-14.301691],[-170.510598,-14.23213],[-170.536778,-14.20434],[-170.655315,-14.175545],[-170.75,-14.241235],[-170.840271,-14.258018],[-170.890291,-14.317194],[-170.865943,-14.358576],[-170.73902,-14.41995],[-170.637463,-14.336914],[-170.53809,-14.336129]]]]},"properties":{"code":"US-AS","name":"American Samoa","country":"US"},"bbox":[-171.141181,-14.601339,-168.102229,-11.002911]},{"type":"Feature","geometry":{"type":"Polygon","coordinates":[[[-72.458412,42.726933],[-72.490547,42.772747],[-72.515466,42.765629],[-72.555415,42.874667],[-72.524499,42.915148],[-72.532022,42.954943],[-72.473717,42.972124],[-72.443259,43.007577],[-72.467842,43.05275],[-72.432196,43.115868],[-72.457405,43.147537],[-72.438605,43.252424],[-72.395315,43.312696],[-72.410559,43.331121],[-72.389868,43.356572],[-72.416022,43.377164],[-72.380237,43.573435],[-72.328327,43.601114],[-72.299564,43.706277],[-72.20523,43.77093],[-72.184616,43.864143],[-72.09094,43.96578],[-72.114378,43.968054],[-72.116865,43.994467],[-72.031841,44.078542],[-72.068478,44.270801],[-72.032802,44.32049],[-71.815846,44.354006],[-71.794483,44.399004],[-71.70258,44.413542],[-71.632782,44.483796],[-71.577024,44.502061],[-71.596968,44.559471],[-71.534909,44.587898],[-71.562131,44.601181],[-71.546819,44.629756],[-71.632114,44.751618],[-71.572817,44.790871],[-71.549451,44.862084],[-71.49491,44.904299],[-71.541531,44.984478],[-71.465047,45.013133],[-71.50108,45.013443],[-72.311947,45.003787],[-73.343178,45.010713],[-73.338979,44.917681],[-73.38159,44.849354],[-73.333154,44.788759],[-73.390231,44.618354],[-73.306713,44.500335],[-73.293627,44.438903],[-73.33495,44.36444],[-73.312741,44.265411],[-73.390625,44.191068],[-73.437905,44.045125],[-73.407645,44.021111],[-73.408554,43.931894],[-73.374162,43.876241],[-73.392517,43.82134],[-73.350762,43.771387],[-73.426463,43.642599],[-73.431229,43.588285],[-73.395768,43.568087],[-73.37189,43.62449],[-73.30644,43.628333],[-73.297324,43.579373],[-73.241579,43.53496],[-73.290944,42.80192],[-73.264827,42.745851],[-72.458412,42.726933]]]},"properties":{"code":"US-VT","name":"Vermont","country":"US"},"bbox":[-73.437905,42.726933,-71.465047,45.013443]},{"type":"Feature","geometry":{"type":"Polygon","coordinates":[[[-73.487319,42.049525],[-73.550962,41.295421],[-73.482695,41.212772],[-73.727775,41.100696],[-73.612885,40.950943],[-71.907258,41.304483],[-71.892067,41.330075],[-71.857458,41.320789],[-71.829365,41.342432],[-71.842426,41.41026],[-71.797745,41.416727],[-71.799188,42.008053],[-71.800671,42.023514],[-72.755894,42.036349],[-72.766733,42.003266],[-72.817053,41.997685],[-72.813784,42.036744],[-73.487319,42.049525]]]},"properties":{"code":"US-CT","name":"Connecticut","country":"US"},"bbox":[-73.727775,40.950943,-71.797745,42.049525]},{"type":"Feature","geometry":{"type":"Polygon","coordinates":[[[-75.015123,38.788657],[-75.168462,39.056179],[-75.321021,39.251379],[-75.560538,39.455645],[-75.51196,39.56729],[-75.558773,39.629987],[-75.415062,39.801919],[-75.51414,39.836153],[-75.623712,39.832831],[-75.70974,39.79735],[-75.788596,39.722199],[-75.69367,38.46008],[-74.986282,38.451632],[-75.015123,38.788657]]]},"properties":{"code":"US-DE","name":"Delaware","country":"US"},"bbox":[-75.788596,38.451632,-74.986282,39.836153]},{"type":"Feature","geometry":{"type":"Polygon","coordinates":[[[-106.52794,31.78389],[-106.63592,31.866233],[-106.645478,31.898669],[-106.612865,31.920372],[-106.629742,31.926567],[-106.619569,31.971577],[-106.639536,31.980343],[-106.618486,32.000495],[-104.772106,31.997486],[-103.06451,32.000424],[-103.064625,32.999899],[-103.043791,34.382599],[-103.041717,36.50036],[-103.002359,36.500551],[-103.002329,37.00015],[-104.644997,36.993379],[-106.2361,36.994249],[-109.045172,36.998977],[-109.046382,35.581683],[-109.046783,34.166941],[-109.047709,32.748661],[-109.050033,31.332348],[-108.20847,31.333373],[-108.208484,31.783698],[-106.52794,31.78389]]]},"properties":{"code":"US-NM","name":"New Mexico","country":"US"},"bbox":[-109.050033,31.332348,-103.002329,37.00015]},{"type":"Feature","geometry":{"type":"Polygon","coordinates":[[[-75.797497,36.550916],[-77.15292,36.54413],[-79.250705,36.54114],[-80.294877,36.544053],[-81.67749,36.588137],[-81.708075,36.535687],[-81.695029,36.467458],[-81.741929,36.411249],[-81.707475,36.335225],[-81.764954,36.338722],[-81.793085,36.362408],[-81.854988,36.337211],[-81.908167,36.301966],[-82.033839,36.120475],[-82.129198,36.1041],[-82.148581,36.149859],[-82.213207,36.159057],[-82.245097,36.131249],[-82.352761,36.116452],[-82.409798,36.083019],[-82.460583,36.007724],[-82.557988,35.953873],[-82.610703,35.967203],[-82.590786,36.03364],[-82.63723,36.06582],[-82.775758,36.001051],[-82.805085,35.927137],[-82.874293,35.95283],[-82.919835,35.928886],[-82.896232,35.879152],[-82.99211,35.773915],[-83.074336,35.790148],[-83.159585,35.764651],[-83.185906,35.730097],[-83.251507,35.719752],[-83.298244,35.657255],[-83.350816,35.660542],[-83.498544,35.562888],[-83.584374,35.562698],[-83.608336,35.580015],[-83.754992,35.564615],[-83.820467,35.525652],[-83.879848,35.51905],[-83.911875,35.476068],[-83.96108,35.464138],[-84.023425,35.411581],[-84.007394,35.371649],[-84.038881,35.348208],[-84.021419,35.301401],[-84.052536,35.270189],[-84.183513,35.239996],[-84.224122,35.268985],[-84.290214,35.225432],[-84.321821,34.988408],[-83.108613,35.000659],[-82.783172,35.085921],[-82.781731,35.065305],[-82.756511,35.06736],[-82.697634,35.09596],[-82.681747,35.127972],[-82.628756,35.125777],[-82.478161,35.17598],[-82.43987,35.165743],[-82.392082,35.215397],[-82.371234,35.180649],[-82.29108,35.200085],[-81.147513,35.155961],[-81.034264,35.149257],[-81.052074,35.133486],[-81.032854,35.107377],[-81.057079,35.085681],[-81.041496,35.044713],[-80.92717,35.100257],[-80.781921,34.935848],[-80.797484,34.819803],[-79.676494,34.805065],[-78.499301,33.812852],[-78.341208,33.855293],[-78.145353,33.862734],[-78.066581,33.847985],[-77.983768,33.75872],[-77.929284,33.757984],[-77.896659,33.787547],[-77.894246,33.878655],[-77.785555,34.125171],[-77.691093,34.245744],[-77.516162,34.382443],[-77.122999,34.584375],[-76.904628,34.632339],[-76.6928,34.64295],[-76.614722,34.618278],[-76.572066,34.542544],[-76.514867,34.535142],[-76.315731,34.77603],[-76.02443,35.005364],[-75.749847,35.136212],[-75.595369,35.182827],[-75.532176,35.167149],[-75.484571,35.187577],[-75.425581,35.390009],[-75.400849,35.558718],[-75.411353,35.660061],[-75.437617,35.74696],[-75.675084,36.166726],[-75.797497,36.550916]]]},"properties":{"code":"US-NC","name":"North Carolina","country":"US"},"bbox":[-84.321821,33.757984,-75.400849,36.588137]},{"type":"Feature","geometry":{"type":"Polygon","coordinates":[[[-87.019935,42.493498],[-87.147166,43.379859],[-87.114102,43.734111],[-87.013234,44.131905],[-86.686288,44.881002],[-86.49993,45.0808],[-86.249548,45.236125],[-86.754236,45.44361],[-87.101133,45.44423],[-87.17117,45.35254],[-87.315422,45.240657],[-87.405694,45.201969],[-87.442508,45.076434],[-87.659952,45.107512],[-87.74181,45.197469],[-87.648126,45.339396],[-87.65735,45.368754],[-87.693956,45.389893],[-87.754104,45.349442],[-87.850133,45.340435],[-87.869167,45.366049],[-87.888052,45.354697],[-87.849322,45.403872],[-87.861697,45.434473],[-87.792769,45.499967],[-87.83369,45.561556],[-87.792372,45.563055],[-87.777199,45.588498],[-87.824392,45.64771],[-87.782226,45.683053],[-87.876898,45.754379],[-87.963452,45.75822],[-87.991447,45.795393],[-88.072167,45.780085],[-88.130129,45.809708],[-88.069763,45.872938],[-88.101264,45.882282],[-88.102461,45.921546],[-88.246894,45.963532],[-88.327276,45.954957],[-88.380503,45.991765],[-88.416381,45.975092],[-88.458672,45.999514],[-88.489355,45.991367],[-88.514692,46.020019],[-88.58827,46.005098],[-88.601178,46.01777],[-88.615957,45.987896],[-88.670827,45.988547],[-88.678868,46.013595],[-88.73898,46.027459],[-88.780156,46.015395],[-88.796497,46.033658],[-88.816026,46.020586],[-89.091638,46.138447],[-90.12143,46.337425],[-90.216637,46.501637],[-90.272551,46.504512],[-90.27694,46.524447],[-90.316554,46.516896],[-90.33223,46.553432],[-90.393262,46.532433],[-90.418392,46.566099],[-89.957102,47.291103],[-90.65466,47.309822],[-91.500181,46.91332],[-92.020294,46.704041],[-92.11659,46.74864],[-92.14673,46.715794],[-92.204691,46.704041],[-92.175875,46.686466],[-92.207092,46.651941],[-92.270592,46.650741],[-92.291289,46.668137],[-92.294033,46.074377],[-92.332912,46.062697],[-92.35176,46.015685],[-92.428555,46.024241],[-92.469765,45.973569],[-92.525186,45.983862],[-92.551933,45.951651],[-92.707702,45.894901],[-92.784617,45.764199],[-92.869193,45.717568],[-92.883749,45.575483],[-92.745591,45.553016],[-92.646505,45.440338],[-92.704794,45.326526],[-92.762004,45.288213],[-92.766808,45.185466],[-92.739583,45.115598],[-92.803124,45.061566],[-92.76206,45.02432],[-92.750645,44.937299],[-92.808242,44.751083],[-92.632021,44.649187],[-92.621642,44.614929],[-92.568946,44.603372],[-92.548889,44.568252],[-92.336114,44.554004],[-92.230856,44.444496],[-91.966809,44.363986],[-91.918625,44.322671],[-91.875158,44.200575],[-91.721552,44.130342],[-91.59207,44.031372],[-91.432347,43.99669],[-91.284138,43.847065],[-91.244135,43.774667],[-91.268979,43.616578],[-91.231865,43.581822],[-91.243183,43.540309],[-91.217706,43.50055],[-91.233367,43.455168],[-91.200359,43.412701],[-91.20662,43.352524],[-91.107237,43.313645],[-91.057918,43.255366],[-91.175253,43.134665],[-91.179457,43.067427],[-91.145615,42.908006],[-91.100565,42.883078],[-91.065059,42.751338],[-90.94921,42.685569],[-90.709204,42.636078],[-90.642843,42.508481],[-88.794933,42.491989],[-87.019935,42.493498]]]},"properties":{"code":"US-WI","name":"Wisconsin","country":"US"},"bbox":[-92.883749,42.491989,-86.249548,47.309822]},{"type":"Feature","geometry":{"type":"Polygon","coordinates":[[[-116.916071,45.995357],[-118.987258,45.999855],[-119.126322,45.932784],[-119.257072,45.939867],[-119.488083,45.906361],[-119.600543,45.919549],[-119.669974,45.856908],[-119.965772,45.824376],[-120.170603,45.76198],[-120.210774,45.725915],[-120.403651,45.699444],[-120.482615,45.694407],[-120.559287,45.738315],[-120.635051,45.745711],[-120.895822,45.642923],[-121.06446,45.652491],[-121.167852,45.606098],[-121.196459,45.61661],[-121.215768,45.671228],[-121.337712,45.704839],[-121.423962,45.694074],[-121.532934,45.726504],[-121.707295,45.694836],[-121.811184,45.706715],[-122.003554,45.615947],[-122.294901,45.543541],[-122.380302,45.575941],[-122.438674,45.563585],[-122.643907,45.609739],[-122.76381,45.657138],[-122.761451,45.759163],[-122.795605,45.81],[-122.813999,45.960983],[-122.904119,46.083734],[-123.115904,46.185268],[-123.166416,46.188979],[-123.280166,46.144843],[-123.371433,46.146372],[-123.430987,46.181571],[-123.427629,46.229348],[-123.479644,46.269131],[-123.688115,46.250105],[-123.741449,46.269155],[-123.87263,46.234987],[-123.930477,46.238805],[-124.024877,46.299099],[-124.035951,46.264183],[-124.159546,46.261132],[-124.126264,46.205102],[-124.058451,46.173834],[-124.009796,46.081973],[-124.008125,46.00994],[-124.092434,45.934261],[-124.043353,45.887086],[-124.070395,45.76274],[-124.010805,45.708285],[-124.011657,45.676717],[-124.02666,45.537877],[-124.064549,45.467567],[-124.036498,45.413336],[-124.076977,45.341846],[-124.042356,45.282176],[-124.044792,45.165999],[-124.141563,44.833439],[-124.134313,44.583182],[-124.164557,44.49984],[-124.215152,43.953775],[-124.328714,43.499835],[-124.380274,43.402846],[-124.476948,43.329371],[-124.465235,43.200308],[-124.51584,43.12483],[-124.505331,43.067953],[-124.530606,42.99983],[-124.703541,42.770369],[-124.664637,42.720482],[-124.584689,42.719302],[-124.530312,42.63228],[-124.473554,42.614734],[-124.465351,42.553033],[-124.554651,42.494142],[-124.569509,42.454586],[-124.5427,42.415252],[-124.494154,42.396086],[-124.483673,42.229613],[-124.433514,42.164832],[-124.416273,42.074854],[-124.328835,41.998334],[-121.564777,41.998747],[-119.999234,41.994944],[-118.676499,41.992154],[-117.0262,42.000195],[-117.032578,43.830181],[-116.961535,43.918388],[-116.976045,43.975058],[-116.935301,43.988616],[-116.977351,44.085364],[-116.933701,44.100043],[-116.894202,44.162317],[-116.925392,44.191544],[-116.971675,44.197256],[-116.975985,44.242875],[-117.031862,44.248635],[-117.051431,44.228748],[-117.104207,44.279942],[-117.146218,44.258027],[-117.198147,44.273828],[-117.22274,44.298326],[-117.189769,44.336585],[-117.242873,44.395557],[-117.215072,44.427162],[-117.225076,44.482346],[-117.149242,44.536151],[-117.062273,44.727143],[-116.9347,44.783881],[-116.852427,44.887578],[-116.83199,44.933007],[-116.850984,44.961556],[-116.826271,44.982493],[-116.857982,44.97732],[-116.847944,45.022602],[-116.729607,45.142091],[-116.673793,45.321511],[-116.55483,45.46293],[-116.528319,45.551513],[-116.463407,45.603857],[-116.535396,45.691734],[-116.54724,45.751677],[-116.59421,45.77908],[-116.665268,45.782059],[-116.70975,45.825728],[-116.782139,45.825116],[-116.916071,45.995357]]]},"properties":{"code":"US-OR","name":"Oregon","country":"US"},"bbox":[-124.703541,41.992154,-116.463407,46.299099]},{"type":"Feature","geometry":{"type":"Polygon","coordinates":[[[-95.765645,40.585208],[-95.748626,40.603355],[-95.776251,40.647463],[-95.842801,40.677496],[-95.888907,40.731855],[-95.835232,40.779151],[-95.84859,40.861061],[-95.809379,40.893279],[-95.882342,41.059419],[-95.862427,41.089687],[-95.88254,41.155881],[-95.842188,41.177421],[-95.927975,41.200069],[-95.910629,41.234579],[-95.927642,41.29844],[-95.905899,41.301038],[-95.90284,41.274374],[-95.872269,41.30307],[-95.957137,41.345902],[-95.929681,41.367058],[-95.919989,41.452604],[-96.013585,41.478469],[-96.005112,41.54325],[-96.040613,41.506893],[-96.091908,41.534049],[-96.082285,41.580683],[-96.118233,41.613291],[-96.096116,41.654472],[-96.122604,41.68304],[-96.073225,41.704062],[-96.10638,41.737762],[-96.065613,41.797985],[-96.106565,41.819613],[-96.161756,41.90182],[-96.130355,41.972863],[-96.187219,41.977946],[-96.194556,42.008662],[-96.240713,41.999351],[-96.221901,42.029558],[-96.274393,42.049244],[-96.269459,42.114216],[-96.347863,42.16664],[-96.35987,42.210553],[-96.323723,42.229887],[-96.328897,42.254723],[-96.418168,42.354678],[-96.381305,42.461695],[-96.396124,42.484361],[-96.445483,42.49063],[-96.501319,42.482749],[-96.548789,42.520547],[-96.611488,42.506086],[-96.709824,42.6051],[-96.691268,42.656198],[-96.793235,42.666021],[-96.806213,42.704154],[-96.906797,42.7338],[-96.961576,42.719841],[-96.97912,42.76009],[-97.130257,42.771541],[-97.210126,42.809296],[-97.237868,42.853139],[-97.407409,42.868391],[-97.443756,42.846018],[-97.611811,42.858367],[-97.686477,42.842212],[-97.841966,42.868166],[-97.875531,42.858656],[-97.936746,42.775683],[-98.035071,42.764114],[-98.147109,42.839631],[-98.444145,42.929242],[-98.49855,42.998559],[-99.962985,42.997661],[-101.633007,42.996255],[-104.053028,43.000585],[-104.053249,41.001406],[-102.051717,41.002359],[-102.051744,40.003078],[-100.439676,40.001705],[-98.719927,40.002205],[-97.049663,40.001323],[-95.30829,39.999998],[-95.348777,40.029297],[-95.415106,40.040341],[-95.393347,40.119212],[-95.479193,40.185652],[-95.478694,40.243661],[-95.552473,40.261904],[-95.562157,40.297359],[-95.657328,40.310856],[-95.622684,40.342323],[-95.699969,40.505275],[-95.661681,40.517312],[-95.653416,40.541899],[-95.678715,40.562561],[-95.708591,40.521551],[-95.75711,40.52599],[-95.765645,40.585208]]]},"properties":{"code":"US-NE","name":"Nebraska","country":"US"},"bbox":[-104.053249,39.999998,-95.30829,43.000585]},{"type":"Feature","geometry":{"type":"Polygon","coordinates":[[[-81.347015,30.712444],[-81.359146,30.744314],[-81.400482,30.766426],[-81.345207,30.931503],[-81.304832,30.970774],[-81.353416,31.037121],[-81.345306,31.059362],[-81.297874,31.080952],[-81.296417,31.15188],[-81.234337,31.170258],[-81.187675,31.246258],[-81.171089,31.370323],[-81.190758,31.399876],[-81.087067,31.529158],[-81.056623,31.714875],[-81.013812,31.728643],[-80.970726,31.798353],[-80.928589,31.816982],[-80.796272,31.953459],[-80.78296,31.995954],[-80.822762,32.034244],[-80.925085,32.041939],[-81.004305,32.102367],[-81.038125,32.083734],[-81.115367,32.114705],[-81.129756,32.165839],[-81.114032,32.195701],[-81.156607,32.243284],[-81.119628,32.286778],[-81.128535,32.338381],[-81.159995,32.340476],[-81.205405,32.423339],[-81.187141,32.464149],[-81.28058,32.55603],[-81.366782,32.576915],[-81.41866,32.629392],[-81.393033,32.651542],[-81.427517,32.701895],[-81.404932,32.745559],[-81.43194,32.768911],[-81.417984,32.818196],[-81.426475,32.840773],[-81.460722,32.846038],[-81.452883,32.872964],[-81.479445,32.881082],[-81.464433,32.898603],[-81.502427,32.935353],[-81.491954,33.009093],[-81.611657,33.094259],[-81.752135,33.14855],[-81.768935,33.217447],[-81.805238,33.211441],[-81.852076,33.247288],[-81.828336,33.263045],[-81.863236,33.288844],[-81.847336,33.306843],[-81.880737,33.302243],[-81.901384,33.335774],[-81.913737,33.320042],[-81.909137,33.346641],[-81.939737,33.344941],[-81.946337,33.37064],[-81.924837,33.37414],[-81.945181,33.407531],[-81.909693,33.411979],[-81.93243,33.425706],[-81.913126,33.438333],[-81.926336,33.462937],[-81.985938,33.486536],[-82.046335,33.56383],[-82.186155,33.620881],[-82.247472,33.752591],[-82.32448,33.820033],[-82.455105,33.88165],[-82.524515,33.94336],[-82.556765,33.945324],[-82.642416,34.093264],[-82.717459,34.150546],[-82.746811,34.266588],[-82.834457,34.365221],[-82.858837,34.45522],[-82.901551,34.486764],[-83.034565,34.483571],[-83.158677,34.578999],[-83.159677,34.603298],[-83.23258,34.611597],[-83.342004,34.68177],[-83.353416,34.728424],[-83.318748,34.757626],[-83.306366,34.81567],[-83.270882,34.818588],[-83.242996,34.877537],[-83.205261,34.880165],[-83.156891,34.930767],[-83.111755,34.934963],[-83.127624,34.949829],[-83.108613,35.000659],[-84.321821,34.988408],[-85.605165,34.984678],[-85.1844,32.861317],[-85.156289,32.850524],[-85.168048,32.811841],[-85.122326,32.774383],[-85.142987,32.759934],[-85.113329,32.735751],[-85.117037,32.692033],[-85.088483,32.657758],[-85.104532,32.641011],[-85.0071,32.523868],[-84.99533,32.453243],[-84.96303,32.424244],[-85.006402,32.326757],[-84.888246,32.25967],[-84.924427,32.250149],[-84.928227,32.219851],[-84.973328,32.21765],[-84.963728,32.195852],[-85.061601,32.133412],[-85.048825,32.021701],[-85.140731,31.857461],[-85.12553,31.694965],[-85.058169,31.620227],[-85.041361,31.542495],[-85.092327,31.364049],[-85.089774,31.295026],[-85.114601,31.277333],[-85.107676,31.187436],[-85.035615,31.108192],[-85.002499,31.000685],[-84.983127,30.934786],[-84.934424,30.883588],[-84.914322,30.753591],[-84.864693,30.711542],[-82.214677,30.568556],[-82.240403,30.53777],[-82.20124,30.485114],[-82.206728,30.406775],[-82.161777,30.357111],[-82.105241,30.368896],[-82.066184,30.355757],[-82.037218,30.371848],[-82.005401,30.563698],[-82.049023,30.655295],[-82.045608,30.727552],[-82.011603,30.761878],[-82.02288,30.787706],[-81.97364,30.778719],[-81.949638,30.827845],[-81.909111,30.81568],[-81.901245,30.82988],[-81.868515,30.792906],[-81.793075,30.787251],[-81.78263,30.761454],[-81.76172,30.775698],[-81.72013,30.744719],[-81.672494,30.73879],[-81.683096,30.748492],[-81.662323,30.754177],[-81.652153,30.72887],[-81.624366,30.73634],[-81.60987,30.715933],[-81.601882,30.729586],[-81.538391,30.708656],[-81.488464,30.726309],[-81.451241,30.709484],[-81.347015,30.712444]]]},"properties":{"code":"US-GA","name":"Georgia","country":"US"},"bbox":[-85.605165,30.355757,-80.78296,35.000659]},{"type":"Feature","geometry":{"type":"Polygon","coordinates":[[[-85.002499,31.000685],[-85.035615,31.108192],[-85.107676,31.187436],[-85.114601,31.277333],[-85.089774,31.295026],[-85.092327,31.364049],[-85.041361,31.542495],[-85.058169,31.620227],[-85.12553,31.694965],[-85.140731,31.857461],[-85.048825,32.021701],[-85.061601,32.133412],[-84.963728,32.195852],[-84.973328,32.21765],[-84.928227,32.219851],[-84.924427,32.250149],[-84.888246,32.25967],[-85.006402,32.326757],[-84.96303,32.424244],[-84.99533,32.453243],[-85.0071,32.523868],[-85.104532,32.641011],[-85.088483,32.657758],[-85.117037,32.692033],[-85.113329,32.735751],[-85.142987,32.759934],[-85.122326,32.774383],[-85.168048,32.811841],[-85.156289,32.850524],[-85.1844,32.861317],[-85.605165,34.984678],[-86.862147,34.991957],[-88.202959,35.008028],[-88.200064,34.995634],[-88.152413,34.919741],[-88.097888,34.892202],[-88.287695,33.42694],[-88.473227,31.893856],[-88.384431,30.158543],[-88.347719,30.190088],[-88.303023,30.177962],[-88.162022,30.200093],[-88.046104,30.144689],[-87.987409,30.17789],[-87.807153,30.177378],[-87.518346,30.229506],[-87.51838,30.283901],[-87.450078,30.3111],[-87.49998,30.306201],[-87.502572,30.327405],[-87.461078,30.3353],[-87.429578,30.406498],[-87.366939,30.44048],[-87.425078,30.465596],[-87.450371,30.514462],[-87.394913,30.614266],[-87.406474,30.675146],[-87.529977,30.740952],[-87.634744,30.86561],[-87.590933,30.953513],[-87.598829,30.997455],[-86.12154,30.992884],[-85.002499,31.000685]]]},"properties":{"code":"US-AL","name":"Alabama","country":"US"},"bbox":[-88.473227,30.144689,-84.888246,35.008028]},{"type":"Feature","geometry":{"type":"Polygon","coordinates":[[[-111.046714,42.001702],[-112.153848,41.997226],[-114.041477,41.993873],[-114.043046,40.780326],[-114.047823,39.492326],[-114.050346,38.237104],[-114.050052,37.000191],[-111.592373,37.001416],[-110.469733,36.997657],[-109.045172,36.998977],[-109.059778,38.717597],[-109.050026,41.000691],[-111.046815,40.997875],[-111.046714,42.001702]]]},"properties":{"code":"US-UT","name":"Utah","country":"US"},"bbox":[-114.050346,36.997657,-109.045172,42.001702]},{"type":"Feature","geometry":{"type":"Polygon","coordinates":[[[-80.518991,40.638801],[-80.519851,42.327132],[-81.249833,42.216415],[-82.398348,41.676524],[-82.681119,41.676328],[-83.069312,41.864217],[-83.11246,41.95941],[-83.415851,41.733794],[-84.805972,41.696118],[-84.803592,40.322422],[-84.820155,39.105419],[-84.743351,39.147585],[-84.686478,39.101109],[-84.607482,39.073369],[-84.452534,39.119239],[-84.426389,39.053134],[-84.347599,39.03758],[-84.306074,39.007753],[-84.23434,38.893265],[-84.213115,38.805835],[-84.070779,38.770414],[-83.962367,38.787521],[-83.869407,38.761301],[-83.836759,38.717718],[-83.784463,38.696723],[-83.76912,38.655075],[-83.668395,38.626453],[-83.62553,38.678876],[-83.521141,38.703079],[-83.357836,38.654879],[-83.299037,38.597374],[-83.245664,38.628564],[-83.153644,38.618839],[-83.030495,38.725839],[-82.886311,38.755254],[-82.842472,38.58891],[-82.698285,38.54377],[-82.610808,38.471953],[-82.59348,38.421821],[-82.541006,38.4038],[-82.330335,38.4445],[-82.291271,38.578983],[-82.177267,38.603784],[-82.187968,38.733082],[-82.221566,38.787187],[-82.145467,38.83968],[-82.143167,38.898079],[-82.037749,39.023865],[-82.004499,39.028892],[-81.979371,38.993193],[-81.933186,38.98766],[-81.89847,38.929603],[-81.927999,38.893492],[-81.90297,38.87609],[-81.855971,38.892734],[-81.827354,38.945898],[-81.762658,38.924123],[-81.78182,38.964935],[-81.764253,39.015279],[-81.813854,39.079678],[-81.746054,39.096978],[-81.75618,39.18046],[-81.691915,39.227035],[-81.683613,39.270947],[-81.570247,39.267675],[-81.557547,39.338774],[-81.456143,39.409274],[-81.412706,39.394618],[-81.375961,39.341697],[-81.270292,39.386047],[-81.217315,39.38759],[-80.973483,39.588446],[-80.88036,39.620706],[-80.863698,39.691724],[-80.829764,39.711839],[-80.869092,39.766364],[-80.790761,39.86728],[-80.806776,39.916308],[-80.756113,39.913402],[-80.738181,40.078607],[-80.599895,40.317666],[-80.632732,40.390505],[-80.595405,40.475316],[-80.667813,40.583536],[-80.627171,40.619936],[-80.576704,40.614223],[-80.518991,40.638801]]]},"properties":{"code":"US-OH","name":"Ohio","country":"US"},"bbox":[-84.820155,38.4038,-80.518991,42.327132]},{"type":"Feature","geometry":{"type":"Polygon","coordinates":[[[-94.617964,36.998905],[-96.500289,36.998643],[-98.300465,36.997684],[-99.99306,37.001609],[-102.042089,36.993016],[-103.002329,37.00015],[-103.002359,36.500551],[-101.451716,36.499391],[-100.000406,36.499702],[-100.000277,34.56045],[-99.923211,34.574552],[-99.69497,34.378333],[-99.600026,34.374688],[-99.569696,34.418418],[-99.405286,34.372858],[-99.395187,34.44203],[-99.368932,34.458461],[-99.319602,34.408879],[-99.261275,34.403508],[-99.274415,34.384349],[-99.236494,34.365805],[-99.232632,34.338872],[-99.206905,34.338277],[-99.189776,34.214357],[-99.047031,34.198018],[-98.988172,34.22131],[-98.868116,34.149635],[-98.812954,34.158444],[-98.757037,34.124633],[-98.690072,34.133155],[-98.648073,34.164441],[-98.599789,34.160571],[-98.486328,34.062598],[-98.414426,34.085074],[-98.365621,34.156993],[-98.170827,34.114171],[-98.109462,34.154111],[-98.089755,34.128211],[-98.120208,34.072127],[-98.082463,34.039428],[-98.106179,34.034887],[-98.088203,34.005481],[-98.027672,33.993357],[-97.974173,34.006716],[-97.94573,33.989839],[-97.974173,33.942832],[-97.953395,33.936445],[-97.957155,33.914454],[-97.98454,33.900703],[-97.967752,33.882214],[-97.875311,33.849721],[-97.83432,33.857634],[-97.79891,33.898537],[-97.780839,33.894447],[-97.783522,33.918302],[-97.76377,33.914241],[-97.762768,33.934396],[-97.732261,33.936519],[-97.671277,33.991553],[-97.589597,33.953554],[-97.581078,33.899679],[-97.500271,33.919635],[-97.46142,33.90523],[-97.463242,33.842004],[-97.426799,33.818641],[-97.368731,33.821443],[-97.33188,33.884483],[-97.332063,33.855056],[-97.309172,33.888698],[-97.255639,33.863702],[-97.245049,33.903216],[-97.210921,33.916064],[-97.166629,33.847311],[-97.204995,33.81887],[-97.192851,33.760362],[-97.133915,33.718128],[-97.087365,33.741139],[-97.092646,33.804198],[-97.048146,33.817456],[-97.088498,33.851849],[-97.021438,33.846379],[-96.983835,33.890949],[-96.981337,33.956378],[-96.97287,33.935698],[-96.9163,33.957798],[-96.875281,33.860505],[-96.850593,33.847211],[-96.832157,33.874835],[-96.794276,33.868886],[-96.761587,33.824407],[-96.699574,33.839049],[-96.667187,33.91694],[-96.587934,33.894784],[-96.629274,33.8455],[-96.572937,33.819098],[-96.531966,33.823989],[-96.500984,33.772801],[-96.423532,33.776432],[-96.346859,33.686216],[-96.31223,33.706304],[-96.293708,33.769409],[-96.221131,33.747391],[-96.178603,33.760426],[-96.155538,33.81404],[-96.179122,33.810224],[-96.146535,33.838303],[-96.048834,33.836468],[-96.026968,33.857474],[-96.020624,33.840627],[-95.997708,33.852183],[-96.002925,33.87359],[-95.984856,33.852492],[-95.951382,33.857332],[-95.92825,33.885354],[-95.837114,33.835646],[-95.805016,33.861381],[-95.770239,33.845202],[-95.752153,33.894577],[-95.700635,33.885845],[-95.665478,33.909004],[-95.632774,33.904815],[-95.594085,33.943057],[-95.55421,33.926958],[-95.544141,33.880603],[-95.509526,33.897586],[-95.504999,33.875922],[-95.46144,33.887106],[-95.442746,33.866506],[-95.362571,33.866902],[-95.329936,33.886334],[-95.288926,33.87307],[-95.284629,33.905483],[-95.257724,33.890122],[-95.250001,33.938861],[-95.216947,33.962674],[-95.1247,33.934675],[-95.120893,33.904539],[-95.08006,33.920989],[-95.089607,33.880857],[-95.06676,33.917101],[-95.046568,33.862565],[-94.970205,33.861817],[-94.947874,33.808356],[-94.91801,33.826783],[-94.921526,33.790472],[-94.876372,33.75733],[-94.868144,33.768874],[-94.867544,33.744904],[-94.821989,33.732878],[-94.820707,33.768964],[-94.802833,33.732699],[-94.76338,33.759866],[-94.788637,33.735669],[-94.751825,33.734326],[-94.751366,33.71354],[-94.733413,33.725191],[-94.753801,33.708663],[-94.735117,33.691259],[-94.715943,33.694913],[-94.733965,33.715687],[-94.70156,33.702878],[-94.716188,33.687902],[-94.651402,33.685843],[-94.643715,33.701522],[-94.645337,33.673644],[-94.671048,33.668388],[-94.654919,33.659925],[-94.622043,33.682535],[-94.596019,33.663863],[-94.58793,33.686255],[-94.560339,33.666591],[-94.590478,33.645075],[-94.548111,33.66033],[-94.569975,33.62847],[-94.521837,33.640728],[-94.52774,33.615898],[-94.485903,33.637858],[-94.431014,35.393167],[-94.617859,36.499431],[-94.617964,36.998905]]]},"properties":{"code":"US-OK","name":"Oklahoma","country":"US"},"bbox":[-103.002359,33.615898,-94.431014,37.001609]},{"type":"Feature","geometry":{"type":"Polygon","coordinates":[[[-83.675395,36.600784],[-83.690789,36.582596],[-83.772871,36.58363],[-85.276867,36.626827],[-85.67653,36.618223],[-86.507781,36.652379],[-86.563909,36.633562],[-86.589906,36.652443],[-87.853319,36.63316],[-87.849544,36.663695],[-88.070541,36.678255],[-88.032649,36.542095],[-88.053293,36.497058],[-89.417275,36.499011],[-89.471895,36.45756],[-89.493082,36.4705],[-89.485427,36.497491],[-89.539232,36.497934],[-89.51972,36.467002],[-89.545255,36.427079],[-89.513178,36.359897],[-89.531822,36.339246],[-89.605668,36.342234],[-89.620255,36.323006],[-89.539487,36.277368],[-89.534745,36.252573],[-89.602374,36.238106],[-89.698568,36.250591],[-89.704459,36.235468],[-89.607004,36.171179],[-89.592102,36.135637],[-89.672463,36.091837],[-89.692437,36.020507],[-89.733056,36.000809],[-89.718497,35.963123],[-89.646503,35.923743],[-89.643585,35.889742],[-89.669079,35.87451],[-89.744547,35.910699],[-89.772904,35.865632],[-89.695531,35.835673],[-89.698645,35.818711],[-89.781662,35.805228],[-89.825451,35.745188],[-89.907461,35.759288],[-89.957812,35.727372],[-89.925453,35.658206],[-89.863115,35.670519],[-89.851275,35.657608],[-89.857753,35.633677],[-89.957568,35.588531],[-89.904638,35.519348],[-89.958749,35.523837],[-89.989667,35.560221],[-90.030019,35.554805],[-90.048333,35.504246],[-90.002668,35.429985],[-90.048086,35.411737],[-90.054322,35.389277],[-90.068269,35.467074],[-90.10112,35.478068],[-90.17061,35.418282],[-90.165282,35.373982],[-90.135676,35.376696],[-90.132235,35.413663],[-90.07916,35.382469],[-90.109966,35.304988],[-90.157936,35.30123],[-90.168917,35.279711],[-90.148858,35.254273],[-90.091092,35.245004],[-90.075843,35.213094],[-90.117191,35.188297],[-90.066747,35.13805],[-90.09555,35.118915],[-90.163657,35.124177],[-90.206777,35.026013],[-90.29298,35.041172],[-90.308361,34.995694],[-88.200064,34.995634],[-88.202959,35.008028],[-86.862147,34.991957],[-85.605165,34.984678],[-84.321821,34.988408],[-84.290214,35.225432],[-84.224122,35.268985],[-84.183513,35.239996],[-84.052536,35.270189],[-84.021419,35.301401],[-84.038881,35.348208],[-84.007394,35.371649],[-84.023425,35.411581],[-83.96108,35.464138],[-83.911875,35.476068],[-83.879848,35.51905],[-83.820467,35.525652],[-83.754992,35.564615],[-83.608336,35.580015],[-83.584374,35.562698],[-83.498544,35.562888],[-83.350816,35.660542],[-83.298244,35.657255],[-83.251507,35.719752],[-83.185906,35.730097],[-83.159585,35.764651],[-83.074336,35.790148],[-82.99211,35.773915],[-82.896232,35.879152],[-82.919835,35.928886],[-82.874293,35.95283],[-82.805085,35.927137],[-82.775758,36.001051],[-82.63723,36.06582],[-82.590786,36.03364],[-82.610703,35.967203],[-82.557988,35.953873],[-82.460583,36.007724],[-82.409798,36.083019],[-82.352761,36.116452],[-82.245097,36.131249],[-82.213207,36.159057],[-82.148581,36.149859],[-82.129198,36.1041],[-82.033839,36.120475],[-81.908167,36.301966],[-81.854988,36.337211],[-81.793085,36.362408],[-81.764954,36.338722],[-81.707475,36.335225],[-81.741929,36.411249],[-81.695029,36.467458],[-81.708075,36.535687],[-81.67749,36.588137],[-81.6469,36.611918],[-81.922644,36.616213],[-81.934144,36.594213],[-82.016321,36.59418],[-83.675395,36.600784]]]},"properties":{"code":"US-TN","name":"Tennessee","country":"US"},"bbox":[-90.308361,34.984678,-81.6469,36.678255]},{"type":"Feature","geometry":{"type":"Polygon","coordinates":[[[-109.050026,41.000691],[-106.195192,40.997578],[-104.053249,41.001406],[-104.053028,43.000585],[-104.057879,44.997605],[-105.928174,44.993487],[-107.084886,44.9966],[-109.0807,44.99944],[-111.054556,45.000955],[-111.052434,44.478411],[-111.043925,43.212919],[-111.046714,42.001702],[-111.046815,40.997875],[-109.050026,41.000691]]]},"properties":{"code":"US-WY","name":"Wyoming","country":"US"},"bbox":[-111.054556,40.997578,-104.053028,45.000955]},{"type":"Feature","geometry":{"type":"Polygon","coordinates":[[[-70.735005,42.874685],[-70.847718,42.860867],[-70.914631,42.886648],[-71.031201,42.859087],[-71.064416,42.806275],[-71.132805,42.821476],[-71.166647,42.808881],[-71.181786,42.737341],[-71.245426,42.742546],[-71.294637,42.697042],[-72.458412,42.726933],[-73.264827,42.745851],[-73.50821,42.086134],[-73.487319,42.049525],[-72.813784,42.036744],[-72.817053,41.997685],[-72.766733,42.003266],[-72.755894,42.036349],[-71.800671,42.023514],[-71.799188,42.008053],[-71.381401,42.018798],[-71.381463,41.893546],[-71.338787,41.898593],[-71.340481,41.797033],[-71.261067,41.752082],[-71.195479,41.67509],[-71.132557,41.660363],[-71.121116,41.492787],[-71.088571,41.431315],[-71.033604,41.414085],[-71.032701,41.380273],[-70.990748,41.351289],[-70.896017,41.370148],[-70.901005,41.334613],[-70.870027,41.297068],[-70.890541,41.243091],[-70.823645,41.200649],[-70.754188,41.216091],[-70.703106,41.28904],[-70.62447,41.298382],[-70.512199,41.298313],[-70.459851,41.265253],[-70.344083,41.276146],[-70.109684,41.189803],[-69.963739,41.196393],[-69.894472,41.25924],[-69.910093,41.317263],[-70.006467,41.433898],[-70.094412,41.43081],[-70.116541,41.395132],[-70.097844,41.353584],[-70.13794,41.346371],[-70.215115,41.360275],[-70.267283,41.393426],[-70.383449,41.369933],[-70.392892,41.44548],[-70.436449,41.468919],[-70.489689,41.462977],[-70.508603,41.498965],[-70.448567,41.513093],[-70.395164,41.556722],[-70.249463,41.560146],[-70.077934,41.612528],[-70.063352,41.590173],[-70.122559,41.537833],[-70.126677,41.503698],[-70.084904,41.467493],[-70.023677,41.471948],[-69.936401,41.521936],[-69.868125,41.656791],[-69.866525,41.817011],[-69.929109,41.978476],[-70.067098,42.105327],[-70.172542,42.134515],[-70.27743,42.114345],[-70.608381,42.138479],[-70.642946,42.178185],[-70.640113,42.228372],[-70.690393,42.278999],[-70.60629,42.53122],[-70.521793,42.593459],[-70.502143,42.635471],[-70.549306,42.724164],[-70.714324,42.731911],[-70.735005,42.874685]]]},"properties":{"code":"US-MA","name":"Massachusetts","country":"US"},"bbox":[-73.50821,41.189803,-69.866525,42.886648]},{"type":"Feature","geometry":{"type":"Polygon","coordinates":[[[-81.67749,36.588137],[-80.294877,36.544053],[-79.250705,36.54114],[-77.15292,36.54413],[-75.797497,36.550916],[-75.928307,36.938179],[-75.889676,37.054515],[-75.766049,37.154932],[-75.715515,37.275687],[-75.644386,37.34227],[-75.529901,37.556717],[-75.541779,37.606145],[-75.460933,37.771356],[-75.417073,37.82105],[-75.360125,37.810186],[-75.303132,37.838169],[-75.166435,38.027834],[-75.624449,37.994195],[-75.6477,37.946963],[-75.704634,37.954698],[-75.80124,37.912174],[-75.952672,37.906827],[-75.943693,37.946133],[-76.052021,37.953578],[-76.236458,37.886605],[-76.516609,38.026783],[-76.536457,38.074903],[-76.596156,38.106676],[-76.60543,38.148933],[-76.839368,38.163609],[-76.94902,38.208418],[-76.962086,38.256964],[-77.028131,38.305317],[-77.011464,38.374425],[-77.041505,38.400692],[-77.179339,38.341914],[-77.283796,38.342855],[-77.32291,38.432625],[-77.310091,38.494911],[-77.246362,38.593441],[-77.129682,38.634704],[-77.122632,38.685256],[-77.046165,38.71446],[-77.039006,38.791645],[-77.039464,38.869732],[-77.119759,38.934343],[-77.147303,38.964486],[-77.24503,38.982684],[-77.254632,39.02969],[-77.337137,39.062265],[-77.456971,39.073399],[-77.520092,39.120869],[-77.517622,39.169417],[-77.45771,39.224979],[-77.543086,39.266916],[-77.56498,39.305174],[-77.719519,39.321314],[-77.828299,39.132426],[-78.347087,39.466012],[-78.343214,39.388807],[-78.366867,39.35929],[-78.339284,39.348605],[-78.419422,39.257476],[-78.399669,39.243874],[-78.438695,39.198093],[-78.403697,39.167451],[-78.571901,39.031995],[-78.550467,39.018065],[-78.601655,38.964603],[-78.627798,38.98179],[-78.697437,38.914359],[-78.719291,38.90523],[-78.717076,38.936028],[-78.786025,38.887187],[-78.869261,38.76298],[-78.999752,38.846162],[-79.085455,38.724614],[-79.092755,38.659817],[-79.129756,38.655018],[-79.210591,38.492913],[-79.28294,38.4181],[-79.476638,38.457228],[-79.53687,38.550917],[-79.649075,38.591515],[-79.725597,38.363828],[-79.764432,38.356514],[-79.810154,38.306707],[-79.788945,38.268703],[-79.920075,38.182529],[-79.945258,38.132239],[-79.926397,38.106543],[-79.999383,37.994908],[-80.162202,37.875122],[-80.22769,37.797892],[-80.216605,37.775961],[-80.257411,37.756084],[-80.253077,37.725899],[-80.295916,37.692838],[-80.267504,37.646156],[-80.220984,37.627767],[-80.328504,37.564315],[-80.312201,37.54622],[-80.330368,37.536267],[-80.282391,37.533519],[-80.299789,37.508271],[-80.464816,37.426145],[-80.49486,37.435072],[-80.511391,37.481672],[-80.770082,37.372363],[-80.859457,37.429491],[-80.883247,37.383933],[-80.849451,37.346909],[-80.89916,37.315678],[-81.104147,37.280605],[-81.225104,37.234874],[-81.364492,37.337996],[-81.416029,37.273626],[-81.499096,37.257952],[-81.554705,37.20799],[-81.678221,37.20154],[-81.740124,37.237752],[-81.757137,37.276147],[-81.849949,37.285227],[-81.860489,37.315942],[-81.928462,37.360461],[-81.935621,37.438397],[-81.996075,37.471526],[-81.926243,37.513574],[-81.968012,37.538035],[-82.349,37.267975],[-82.498755,37.227029],[-82.721413,37.12083],[-82.722433,37.044949],[-82.867467,36.978049],[-82.857665,36.928669],[-82.878683,36.889532],[-83.006577,36.847643],[-83.072836,36.854457],[-83.133231,36.784585],[-83.13512,36.742629],[-83.309711,36.710639],[-83.424713,36.66734],[-83.530146,36.666049],[-83.675395,36.600784],[-82.016321,36.59418],[-81.934144,36.594213],[-81.922644,36.616213],[-81.6469,36.611918],[-81.67749,36.588137]]]},"properties":{"code":"US-VA","name":"Virginia","country":"US"},"bbox":[-83.675395,36.54114,-75.166435,39.466012]},{"type":"Feature","geometry":{"type":"Polygon","coordinates":[[[-77.039006,38.791645],[-76.909393,38.892852],[-77.040882,38.995845],[-77.119759,38.934343],[-77.039464,38.869732],[-77.039006,38.791645]]]},"properties":{"code":"US-DC","name":"District of Columbia","country":"US"},"bbox":[-77.119759,38.791645,-76.909393,38.995845]},{"type":"Feature","geometry":{"type":"Polygon","coordinates":[[[-91.217706,43.50055],[-93.801789,43.499677],[-96.45326,43.50039],[-96.599191,43.500456],[-96.594141,43.433824],[-96.521662,43.385905],[-96.526962,43.305229],[-96.588492,43.296175],[-96.58566,43.269352],[-96.55266,43.258148],[-96.559326,43.222934],[-96.476654,43.221941],[-96.468499,43.151887],[-96.436472,43.120166],[-96.460742,43.064337],[-96.521302,43.03966],[-96.491981,43.010197],[-96.520838,42.980314],[-96.498963,42.957802],[-96.541283,42.923927],[-96.525287,42.89191],[-96.550322,42.837531],[-96.58147,42.837726],[-96.639485,42.736928],[-96.630154,42.705438],[-96.516084,42.630275],[-96.529937,42.610471],[-96.509453,42.612704],[-96.498544,42.558116],[-96.47696,42.555972],[-96.49357,42.515626],[-96.476262,42.489969],[-96.445483,42.49063],[-96.396124,42.484361],[-96.381305,42.461695],[-96.418168,42.354678],[-96.328897,42.254723],[-96.323723,42.229887],[-96.35987,42.210553],[-96.347863,42.16664],[-96.269459,42.114216],[-96.274393,42.049244],[-96.221901,42.029558],[-96.240713,41.999351],[-96.194556,42.008662],[-96.187219,41.977946],[-96.130355,41.972863],[-96.161756,41.90182],[-96.106565,41.819613],[-96.065613,41.797985],[-96.10638,41.737762],[-96.073225,41.704062],[-96.122604,41.68304],[-96.096116,41.654472],[-96.118233,41.613291],[-96.082285,41.580683],[-96.091908,41.534049],[-96.040613,41.506893],[-96.005112,41.54325],[-96.013585,41.478469],[-95.919989,41.452604],[-95.929681,41.367058],[-95.957137,41.345902],[-95.872269,41.30307],[-95.90284,41.274374],[-95.905899,41.301038],[-95.927642,41.29844],[-95.910629,41.234579],[-95.927975,41.200069],[-95.842188,41.177421],[-95.88254,41.155881],[-95.862427,41.089687],[-95.882342,41.059419],[-95.809379,40.893279],[-95.84859,40.861061],[-95.835232,40.779151],[-95.888907,40.731855],[-95.842801,40.677496],[-95.776251,40.647463],[-95.748626,40.603355],[-95.765645,40.585208],[-94.07214,40.573026],[-92.713177,40.589423],[-91.729115,40.61364],[-91.686357,40.580875],[-91.6887,40.55739],[-91.620071,40.540817],[-91.621353,40.510072],[-91.574734,40.465655],[-91.52509,40.457845],[-91.524612,40.410765],[-91.463895,40.375659],[-91.419422,40.378264],[-91.372554,40.4012],[-91.364211,40.500043],[-91.401482,40.559458],[-91.339719,40.613488],[-91.18698,40.637297],[-91.123928,40.669152],[-91.092993,40.821079],[-90.952233,40.954047],[-90.946625,41.096628],[-90.994963,41.16063],[-91.041557,41.166162],[-91.113657,41.241401],[-91.04589,41.414085],[-90.982913,41.434171],[-90.929254,41.421544],[-90.846558,41.455141],[-90.655839,41.462132],[-90.556235,41.524232],[-90.461432,41.523533],[-90.343228,41.587833],[-90.309973,41.74342],[-90.180954,41.809354],[-90.140061,42.003252],[-90.162895,42.116718],[-90.391108,42.225473],[-90.430884,42.27823],[-90.419027,42.328505],[-90.477279,42.383794],[-90.646419,42.471328],[-90.642843,42.508481],[-90.709204,42.636078],[-90.94921,42.685569],[-91.065059,42.751338],[-91.100565,42.883078],[-91.145615,42.908006],[-91.179457,43.067427],[-91.175253,43.134665],[-91.057918,43.255366],[-91.107237,43.313645],[-91.20662,43.352524],[-91.200359,43.412701],[-91.233367,43.455168],[-91.217706,43.50055]]]},"properties":{"code":"US-IA","name":"Iowa","country":"US"},"bbox":[-96.639485,40.375659,-90.140061,43.50055]},{"type":"Feature","geometry":{"type":"Polygon","coordinates":[[[-109.045172,36.998977],[-110.469733,36.997657],[-111.592373,37.001416],[-114.050052,37.000191],[-114.043944,36.19335],[-114.120865,36.11085],[-114.137112,36.038491],[-114.243865,36.015266],[-114.313591,36.059048],[-114.306939,36.082487],[-114.370181,36.142624],[-114.405624,36.146983],[-114.445042,36.125346],[-114.4626,36.139644],[-114.504715,36.127188],[-114.511218,36.150576],[-114.615455,36.129653],[-114.630474,36.142218],[-114.754508,36.086171],[-114.722096,36.028952],[-114.740536,35.975545],[-114.661636,35.871233],[-114.705856,35.850508],[-114.712026,35.805529],[-114.689507,35.651429],[-114.653534,35.609672],[-114.678642,35.497628],[-114.604607,35.355239],[-114.569258,35.183424],[-114.578263,35.12881],[-114.646764,35.101868],[-114.602908,35.068588],[-114.633487,35.001857],[-114.633051,34.869971],[-114.586842,34.835672],[-114.552682,34.766871],[-114.470477,34.711368],[-114.424202,34.610453],[-114.43681,34.596074],[-114.380838,34.529724],[-114.386699,34.457911],[-114.335372,34.450038],[-114.176909,34.349306],[-114.131211,34.26273],[-114.164648,34.259699],[-114.229715,34.186928],[-114.415908,34.107636],[-114.438266,34.022609],[-114.535478,33.934651],[-114.50792,33.903807],[-114.525872,33.901008],[-114.503017,33.867998],[-114.529883,33.857563],[-114.52805,33.814963],[-114.494197,33.707922],[-114.531523,33.675108],[-114.514057,33.660179],[-114.533194,33.65166],[-114.521845,33.612544],[-114.540617,33.591412],[-114.524215,33.553068],[-114.592369,33.498675],[-114.635183,33.422725],[-114.725282,33.405048],[-114.698035,33.352442],[-114.731223,33.302433],[-114.672088,33.258499],[-114.706488,33.08816],[-114.662317,33.03267],[-114.645979,33.048902],[-114.618788,33.027202],[-114.511343,33.023455],[-114.492938,32.971781],[-114.468379,32.970745],[-114.468971,32.845155],[-114.529633,32.795477],[-114.539224,32.749812],[-114.617395,32.728257],[-114.701582,32.745632],[-114.719497,32.718739],[-114.763784,32.643403],[-114.80844,32.619426],[-114.813934,32.562213],[-114.791408,32.556461],[-114.813692,32.494069],[-113.1526,31.981675],[-111.07498,31.332342],[-109.050033,31.332348],[-109.047709,32.748661],[-109.046783,34.166941],[-109.046382,35.581683],[-109.045172,36.998977]]]},"properties":{"code":"US-AZ","name":"Arizona","country":"US"},"bbox":[-114.813934,31.332342,-109.045172,37.001416]},{"type":"Feature","geometry":{"type":"Polygon","coordinates":[[[-94.485903,33.637858],[-94.52774,33.615898],[-94.521837,33.640728],[-94.569975,33.62847],[-94.548111,33.66033],[-94.590478,33.645075],[-94.560339,33.666591],[-94.58793,33.686255],[-94.596019,33.663863],[-94.622043,33.682535],[-94.654919,33.659925],[-94.671048,33.668388],[-94.645337,33.673644],[-94.643715,33.701522],[-94.651402,33.685843],[-94.716188,33.687902],[-94.70156,33.702878],[-94.733965,33.715687],[-94.715943,33.694913],[-94.735117,33.691259],[-94.753801,33.708663],[-94.733413,33.725191],[-94.751366,33.71354],[-94.751825,33.734326],[-94.788637,33.735669],[-94.76338,33.759866],[-94.802833,33.732699],[-94.820707,33.768964],[-94.821989,33.732878],[-94.867544,33.744904],[-94.868144,33.768874],[-94.876372,33.75733],[-94.921526,33.790472],[-94.91801,33.826783],[-94.947874,33.808356],[-94.970205,33.861817],[-95.046568,33.862565],[-95.06676,33.917101],[-95.089607,33.880857],[-95.08006,33.920989],[-95.120893,33.904539],[-95.1247,33.934675],[-95.216947,33.962674],[-95.250001,33.938861],[-95.257724,33.890122],[-95.284629,33.905483],[-95.288926,33.87307],[-95.329936,33.886334],[-95.362571,33.866902],[-95.442746,33.866506],[-95.46144,33.887106],[-95.504999,33.875922],[-95.509526,33.897586],[-95.544141,33.880603],[-95.55421,33.926958],[-95.594085,33.943057],[-95.632774,33.904815],[-95.665478,33.909004],[-95.700635,33.885845],[-95.752153,33.894577],[-95.770239,33.845202],[-95.805016,33.861381],[-95.837114,33.835646],[-95.92825,33.885354],[-95.951382,33.857332],[-95.984856,33.852492],[-96.002925,33.87359],[-95.997708,33.852183],[-96.020624,33.840627],[-96.026968,33.857474],[-96.048834,33.836468],[-96.146535,33.838303],[-96.179122,33.810224],[-96.155538,33.81404],[-96.178603,33.760426],[-96.221131,33.747391],[-96.293708,33.769409],[-96.31223,33.706304],[-96.346859,33.686216],[-96.423532,33.776432],[-96.500984,33.772801],[-96.531966,33.823989],[-96.572937,33.819098],[-96.629274,33.8455],[-96.587934,33.894784],[-96.667187,33.91694],[-96.699574,33.839049],[-96.761587,33.824407],[-96.794276,33.868886],[-96.832157,33.874835],[-96.850593,33.847211],[-96.875281,33.860505],[-96.9163,33.957798],[-96.97287,33.935698],[-96.981337,33.956378],[-96.983835,33.890949],[-97.021438,33.846379],[-97.088498,33.851849],[-97.048146,33.817456],[-97.092646,33.804198],[-97.087365,33.741139],[-97.133915,33.718128],[-97.192851,33.760362],[-97.204995,33.81887],[-97.166629,33.847311],[-97.210921,33.916064],[-97.245049,33.903216],[-97.255639,33.863702],[-97.309172,33.888698],[-97.332063,33.855056],[-97.33188,33.884483],[-97.368731,33.821443],[-97.426799,33.818641],[-97.463242,33.842004],[-97.46142,33.90523],[-97.500271,33.919635],[-97.581078,33.899679],[-97.589597,33.953554],[-97.671277,33.991553],[-97.732261,33.936519],[-97.762768,33.934396],[-97.76377,33.914241],[-97.783522,33.918302],[-97.780839,33.894447],[-97.79891,33.898537],[-97.83432,33.857634],[-97.875311,33.849721],[-97.967752,33.882214],[-97.98454,33.900703],[-97.957155,33.914454],[-97.953395,33.936445],[-97.974173,33.942832],[-97.94573,33.989839],[-97.974173,34.006716],[-98.027672,33.993357],[-98.088203,34.005481],[-98.106179,34.034887],[-98.082463,34.039428],[-98.120208,34.072127],[-98.089755,34.128211],[-98.109462,34.154111],[-98.170827,34.114171],[-98.365621,34.156993],[-98.414426,34.085074],[-98.486328,34.062598],[-98.599789,34.160571],[-98.648073,34.164441],[-98.690072,34.133155],[-98.757037,34.124633],[-98.812954,34.158444],[-98.868116,34.149635],[-98.988172,34.22131],[-99.047031,34.198018],[-99.189776,34.214357],[-99.206905,34.338277],[-99.232632,34.338872],[-99.236494,34.365805],[-99.274415,34.384349],[-99.261275,34.403508],[-99.319602,34.408879],[-99.368932,34.458461],[-99.395187,34.44203],[-99.405286,34.372858],[-99.569696,34.418418],[-99.600026,34.374688],[-99.69497,34.378333],[-99.923211,34.574552],[-100.000277,34.56045],[-100.000406,36.499702],[-101.451716,36.499391],[-103.002359,36.500551],[-103.041717,36.50036],[-103.043791,34.382599],[-103.064625,32.999899],[-103.06451,32.000424],[-104.772106,31.997486],[-106.618486,32.000495],[-106.639536,31.980343],[-106.619569,31.971577],[-106.629742,31.926567],[-106.612865,31.920372],[-106.645478,31.898669],[-106.63592,31.866233],[-106.52794,31.78389],[-106.488967,31.74816],[-106.452055,31.764523],[-106.380555,31.731623],[-106.20719,31.466717],[-106.080562,31.398652],[-106.005235,31.392618],[-105.953925,31.364883],[-105.938129,31.318215],[-105.869406,31.289041],[-105.773005,31.166793],[-105.604385,31.083693],[-105.557854,30.990415],[-105.40028,30.889513],[-105.399837,30.852077],[-105.3392,30.840393],[-105.31675,30.810822],[-105.291795,30.826193],[-105.25716,30.794354],[-105.215017,30.805893],[-105.216744,30.783385],[-105.195191,30.792304],[-105.156191,30.769773],[-105.16139,30.752133],[-105.118295,30.749726],[-105.061762,30.685845],[-105.006579,30.68606],[-104.971664,30.610014],[-104.922677,30.603693],[-104.866632,30.494499],[-104.859296,30.390253],[-104.816423,30.375187],[-104.811578,30.332811],[-104.706255,30.234812],[-104.686332,30.173281],[-104.684965,30.085301],[-104.707264,30.049867],[-104.67318,29.954969],[-104.683272,29.929107],[-104.565929,29.771468],[-104.53021,29.690464],[-104.544099,29.680693],[-104.508462,29.632697],[-104.475991,29.627979],[-104.338201,29.520182],[-104.315476,29.532754],[-104.210044,29.482243],[-104.217705,29.456559],[-104.167443,29.394744],[-104.037497,29.319707],[-103.783626,29.265324],[-103.777147,29.220509],[-103.758549,29.232939],[-103.718561,29.180826],[-103.650586,29.15648],[-103.553692,29.157996],[-103.47135,29.066727],[-103.44993,29.072714],[-103.386505,29.021648],[-103.330613,29.043219],[-103.338751,29.020277],[-103.307657,29.024537],[-103.286986,28.978172],[-103.267334,28.996072],[-103.163935,28.972204],[-103.116814,28.984416],[-103.100626,29.060323],[-103.0859,29.053736],[-103.075824,29.091537],[-103.033879,29.100972],[-102.995618,29.179291],[-102.950886,29.17362],[-102.917823,29.190887],[-102.912324,29.219418],[-102.867474,29.223883],[-102.906384,29.260083],[-102.884365,29.347946],[-102.839375,29.358922],[-102.812381,29.400525],[-102.833443,29.410498],[-102.800673,29.486235],[-102.80832,29.52293],[-102.771228,29.548397],[-102.768302,29.595209],[-102.740543,29.597499],[-102.741949,29.633193],[-102.693644,29.676685],[-102.673997,29.744574],[-102.63041,29.734181],[-102.567663,29.771463],[-102.547978,29.744644],[-102.513503,29.765439],[-102.517616,29.78358],[-102.487252,29.786585],[-102.387227,29.761392],[-102.364557,29.845335],[-102.31594,29.879993],[-102.223528,29.84053],[-102.187027,29.848656],[-102.143566,29.80332],[-102.073187,29.786524],[-102.035818,29.804063],[-101.987305,29.796842],[-101.976264,29.81604],[-101.929323,29.782576],[-101.85272,29.807791],[-101.823656,29.787398],[-101.817777,29.811635],[-101.805114,29.78035],[-101.661724,29.770857],[-101.644567,29.754233],[-101.575807,29.769319],[-101.544769,29.811868],[-101.535998,29.75895],[-101.460906,29.789663],[-101.448881,29.750699],[-101.402319,29.77119],[-101.415584,29.746534],[-101.372773,29.699428],[-101.361312,29.650063],[-101.302516,29.650425],[-101.305533,29.577925],[-101.290962,29.571537],[-101.269102,29.630128],[-101.250383,29.624171],[-101.254895,29.520341],[-101.173824,29.514568],[-101.146798,29.474187],[-101.060151,29.458661],[-101.009976,29.368267],[-100.886842,29.307848],[-100.876049,29.279585],[-100.813959,29.263137],[-100.767059,29.195287],[-100.772604,29.168369],[-100.6752,29.100741],[-100.640568,28.914212],[-100.60109,28.901288],[-100.574728,28.828788],[-100.535438,28.805195],[-100.500354,28.66196],[-100.447091,28.642197],[-100.44732,28.609325],[-100.398462,28.585169],[-100.411269,28.550705],[-100.388262,28.514863],[-100.333814,28.499252],[-100.368288,28.477196],[-100.337798,28.44296],[-100.344402,28.389662],[-100.286476,28.312295],[-100.291397,28.275397],[-100.220288,28.23221],[-100.208058,28.190383],[-100.084328,28.144819],[-100.053122,28.084731],[-100.017913,28.064788],[-99.991447,27.99456],[-99.931811,27.980968],[-99.937142,27.940537],[-99.893456,27.899208],[-99.904385,27.875284],[-99.8772,27.84218],[-99.876761,27.797845],[-99.850877,27.793974],[-99.838791,27.764181],[-99.813118,27.773997],[-99.711511,27.658365],[-99.668942,27.659974],[-99.666108,27.636088],[-99.638929,27.626758],[-99.596231,27.639858],[-99.584843,27.603903],[-99.554945,27.614456],[-99.512132,27.568288],[-99.528392,27.49855],[-99.496826,27.500106],[-99.479251,27.478635],[-99.504575,27.338741],[-99.538035,27.316961],[-99.49202,27.300666],[-99.489059,27.261477],[-99.461476,27.268175],[-99.441545,27.249915],[-99.426348,27.176262],[-99.445661,27.021756],[-99.376593,26.977717],[-99.393748,26.96073],[-99.379149,26.93449],[-99.324684,26.915973],[-99.316753,26.865831],[-99.268613,26.843213],[-99.240023,26.745851],[-99.208907,26.724761],[-99.17123,26.541965],[-99.104851,26.500383],[-99.091976,26.472376],[-99.113546,26.43253],[-99.085126,26.398782],[-99.037058,26.413603],[-99.01064,26.392135],[-98.974164,26.401148],[-98.942152,26.369687],[-98.925879,26.394357],[-98.896734,26.35333],[-98.807348,26.369421],[-98.788955,26.330433],[-98.751127,26.331584],[-98.736161,26.309199],[-98.750973,26.296321],[-98.702536,26.286956],[-98.719875,26.272594],[-98.680657,26.262555],[-98.67067,26.237012],[-98.622997,26.259917],[-98.61665,26.246431],[-98.58309,26.2567],[-98.562056,26.224177],[-98.556595,26.248002],[-98.534875,26.225395],[-98.522159,26.235624],[-98.481804,26.200848],[-98.481269,26.219879],[-98.44393,26.224183],[-98.444018,26.2006],[-98.386858,26.157894],[-98.335744,26.165891],[-98.305697,26.103144],[-98.266039,26.120757],[-98.287998,26.1042],[-98.194319,26.05319],[-98.176777,26.075234],[-98.146457,26.049044],[-98.132108,26.074187],[-98.093528,26.05859],[-98.080352,26.071098],[-98.076462,26.036268],[-98.038811,26.041263],[-98.02802,26.066957],[-97.965475,26.051694],[-97.861386,26.070144],[-97.860651,26.052772],[-97.813403,26.044039],[-97.801095,26.060239],[-97.792065,26.034029],[-97.767934,26.047472],[-97.737103,26.021493],[-97.662561,26.038112],[-97.667941,26.019258],[-97.640351,26.024448],[-97.649375,26.010825],[-97.618602,26.002663],[-97.634557,25.990372],[-97.601891,25.957178],[-97.567874,25.952432],[-97.582928,25.933013],[-97.537219,25.930754],[-97.521045,25.886162],[-97.498146,25.899068],[-97.496795,25.879685],[-97.455627,25.88416],[-97.454021,25.854094],[-97.423602,25.84023],[-97.409573,25.862258],[-97.406285,25.837889],[-97.372879,25.839954],[-97.356569,25.867532],[-97.374123,25.880118],[-97.356393,25.888038],[-97.374765,25.908451],[-97.347903,25.931328],[-97.326102,25.917557],[-97.276657,25.935292],[-97.284537,25.959281],[-97.089684,25.960839],[-97.125248,26.248285],[-97.300423,26.834613],[-97.318253,27.125327],[-97.256726,27.375321],[-97.165097,27.5683],[-96.875264,27.96992],[-96.618785,28.169522],[-96.375252,28.29076],[-96.320762,28.362868],[-96.182242,28.452036],[-95.777845,28.625266],[-95.420071,28.805625],[-95.329847,28.828699],[-95.106528,29.014935],[-95.086398,29.06824],[-94.772686,29.231718],[-94.713311,29.282521],[-94.65036,29.29189],[-94.623898,29.343143],[-94.650311,29.38282],[-94.625192,29.397662],[-94.033565,29.625002],[-93.875006,29.621426],[-93.814351,29.596576],[-93.837412,29.689885],[-93.927992,29.80964],[-93.840646,29.880005],[-93.789431,29.987812],[-93.718816,30.064796],[-93.699516,30.058578],[-93.734085,30.08613],[-93.688205,30.141357],[-93.709508,30.146672],[-93.699953,30.175529],[-93.721259,30.209611],[-93.704584,30.289949],[-93.765829,30.332745],[-93.757668,30.390441],[-93.697578,30.442233],[-93.707683,30.521337],[-93.740253,30.539569],[-93.713782,30.587584],[-93.678949,30.593637],[-93.682972,30.641251],[-93.629887,30.679935],[-93.605391,30.717159],[-93.614346,30.760195],[-93.592101,30.763675],[-93.554433,30.823524],[-93.57408,30.884529],[-93.526013,30.937535],[-93.531758,30.958217],[-93.573537,30.971206],[-93.578207,30.999995],[-93.508039,31.031532],[-93.527645,31.07451],[-93.563746,31.094522],[-93.539366,31.115207],[-93.532545,31.183314],[-93.589119,31.165889],[-93.620343,31.271025],[-93.687278,31.306068],[-93.639222,31.37202],[-93.670999,31.366221],[-93.674117,31.397681],[-93.704879,31.410881],[-93.703934,31.455493],[-93.749476,31.46869],[-93.711046,31.512161],[-93.787687,31.527344],[-93.834918,31.586212],[-93.811516,31.647435],[-93.826462,31.666919],[-93.794462,31.70332],[-93.836884,31.750171],[-93.823443,31.775098],[-93.873253,31.814886],[-93.900616,31.896788],[-93.93119,31.891495],[-93.928651,31.912645],[-93.97171,31.920386],[-94.018514,31.992432],[-94.042241,31.993609],[-94.043015,33.019262],[-94.043313,33.551584],[-94.073418,33.554916],[-94.055615,33.561577],[-94.073821,33.584749],[-94.128738,33.55092],[-94.142028,33.581128],[-94.183774,33.594666],[-94.217304,33.580245],[-94.195447,33.555162],[-94.250695,33.557108],[-94.242518,33.589744],[-94.277324,33.557329],[-94.287873,33.582511],[-94.309543,33.551631],[-94.343713,33.567955],[-94.352712,33.544235],[-94.381664,33.544035],[-94.401459,33.560531],[-94.380649,33.581864],[-94.412451,33.569019],[-94.471706,33.602621],[-94.44834,33.642449],[-94.485903,33.637858]]]},"properties":{"code":"US-TX","name":"Texas","country":"US"},"bbox":[-106.645478,25.837889,-93.508039,36.500551]},{"type":"Feature","geometry":{"type":"MultiPolygon","coordinates":[[[[-178.443593,28.418986],[-178.375,28.335357],[-178.288895,28.32881],[-178.233018,28.375],[-178.238469,28.45615],[-178.315121,28.516334],[-178.395769,28.5],[-178.443593,28.418986]]],[[[-161.987555,23.069924],[-161.976061,23.025564],[-161.931897,23.005313],[-161.875,23.019242],[-161.858925,23.052594],[-161.887575,23.110384],[-161.965449,23.104987],[-161.987555,23.069924]]],[[[-164.76481,23.581721],[-164.75,23.536146],[-164.7013,23.517002],[-164.654024,23.535221],[-164.640019,23.576111],[-164.688894,23.623425],[-164.74006,23.614394],[-164.76481,23.581721]]],[[[-166.386532,23.846363],[-166.356342,23.805945],[-166.313574,23.803736],[-166.323742,23.770974],[-166.302607,23.728666],[-166.265589,23.71314],[-166.226782,23.727444],[-166.205415,23.691601],[-166.232285,23.64158],[-166.211058,23.59981],[-166.172218,23.58709],[-166.116781,23.611254],[-166.132954,23.684703],[-166.10678,23.742522],[-166.148171,23.785479],[-166.182347,23.902325],[-166.25,23.93243],[-166.307072,23.924883],[-166.380463,23.883978],[-166.386532,23.846363]]],[[[-168.058215,25],[-168.037751,24.959715],[-168,24.948107],[-167.953685,24.964386],[-167.944204,24.989807],[-167.952449,25.023538],[-168,25.05224],[-168.042052,25.035432],[-168.058215,25]]],[[[-170.684631,25.506313],[-170.668228,25.470654],[-170.62973,25.455732],[-170.591644,25.468615],[-170.573151,25.505116],[-170.588516,25.541218],[-170.630829,25.557131],[-170.669373,25.541445],[-170.684631,25.506313]]],[[[-171.809629,25.78135],[-171.797027,25.740539],[-171.737491,25.706533],[-171.68686,25.727879],[-171.667922,25.781217],[-171.688276,25.823768],[-171.75,25.837944],[-171.786978,25.822301],[-171.809629,25.78135]]],[[[-174.067374,26.059614],[-174.046093,26.002306],[-174,25.990212],[-173.925968,26.019627],[-173.903358,26.060056],[-173.929088,26.120139],[-174.007114,26.137053],[-174.052469,26.112987],[-174.067374,26.059614]]],[[[-176.043354,27.795897],[-176.029292,27.742683],[-175.969598,27.693402],[-175.895192,27.699213],[-175.84505,27.728457],[-175.746115,27.732717],[-175.665594,27.875],[-175.670128,27.941601],[-175.734928,28],[-175.810052,28.005942],[-175.981439,27.913218],[-175.988874,27.861904],[-175.924304,27.81371],[-176,27.835344],[-176.043354,27.795897]]],[[[-158.34465,21.583177],[-158.13476,21.242391],[-157.898656,21.249939],[-157.810229,21.199238],[-157.745311,21.221671],[-157.675777,21.213801],[-157.600922,21.282919],[-157.650549,21.48509],[-157.702613,21.518709],[-157.761931,21.526389],[-157.844149,21.621804],[-157.881446,21.705183],[-157.941785,21.754579],[-157.991748,21.762965],[-158.050144,21.739881],[-158.148846,21.641999],[-158.311945,21.62178],[-158.34465,21.583177]]],[[[-156.871195,21.231887],[-156.910279,21.229571],[-156.971289,21.274365],[-157.030163,21.24395],[-157.272186,21.276564],[-157.310521,21.244522],[-157.311675,21.204128],[-157.366549,21.100956],[-157.321244,21.050676],[-157.077556,21.058358],[-156.914535,20.997584],[-156.836954,21],[-156.672586,21.095717],[-156.650886,21.145019],[-156.667378,21.19315],[-156.722076,21.226062],[-156.871195,21.231887]]],[[[-157.116187,20.902813],[-157.095182,20.847154],[-157.048069,20.820545],[-157.027278,20.728731],[-156.973807,20.686784],[-156.875,20.690965],[-156.816993,20.719793],[-156.75,20.807605],[-156.757459,20.850771],[-156.823329,20.930808],[-156.9051,20.975923],[-157.04949,20.979035],[-157.09993,20.948603],[-157.116187,20.902813]]],[[[-156.459575,20.976234],[-156.490728,21.035435],[-156.591031,21.092411],[-156.670424,21.076693],[-156.732166,21.010933],[-156.752355,20.924132],[-156.728615,20.851699],[-156.625,20.75],[-156.51187,20.735386],[-156.495728,20.69158],[-156.733645,20.581844],[-156.755742,20.535276],[-156.75,20.454335],[-156.533456,20.46298],[-156.483356,20.513167],[-156.48451,20.579083],[-156.375,20.528985],[-156.290472,20.536895],[-156.195608,20.577151],[-156.13527,20.569843],[-156.025915,20.60626],[-155.949646,20.676832],[-155.926785,20.781735],[-155.958991,20.875],[-156,20.875],[-156,20.852123],[-156.032289,20.859858],[-156.268578,21.003751],[-156.459575,20.976234]]],[[[-159.272854,22.036567],[-159.242613,22.111866],[-159.25,22.175775],[-159.308798,22.25],[-159.40292,22.290473],[-159.596389,22.277999],[-159.75,22.199449],[-159.837723,22.094226],[-159.850959,22.027147],[-159.793601,21.93978],[-159.631259,21.846688],[-159.449525,21.817436],[-159.307978,21.908673],[-159.284354,21.940637],[-159.272854,22.036567]]],[[[-160.30436,21.853795],[-160.298526,21.7905],[-160.265778,21.74618],[-160.218301,21.728797],[-160.17031,21.739551],[-160.122015,21.82496],[-160.031032,21.869364],[-160.027502,21.931214],[-159.995625,21.982141],[-160.018288,22.03001],[-160.075149,22.076994],[-160.140416,22.073322],[-160.174011,21.991479],[-160.272561,21.928749],[-160.30436,21.853795]]],[[[-160.600875,21.658163],[-160.590748,21.625],[-160.546216,21.600384],[-160.482907,21.640311],[-160.494145,21.690537],[-160.53174,21.711998],[-160.578265,21.70025],[-160.600875,21.658163]]],[[[-155.029999,19.792101],[-155.046811,19.897704],[-155.252399,20.063448],[-155.441384,20.150096],[-155.582087,20.181316],[-155.79289,20.30927],[-155.851635,20.321409],[-155.917642,20.299704],[-155.957667,20.234972],[-155.957719,20.167614],[-155.932275,20.083445],[-155.884311,20.018327],[-155.962427,19.909152],[-156.012391,19.889753],[-156.095672,19.815013],[-156.120001,19.727176],[-156.078592,19.625001],[-156.030277,19.587478],[-155.943213,19.344227],[-155.974474,19.112743],[-155.925931,19.008154],[-155.739971,18.916891],[-155.705973,18.870301],[-155.649041,18.870503],[-155.55747,18.943442],[-155.494878,19.071586],[-155.391434,19.14436],[-155.268405,19.219495],[-155.175617,19.211386],[-155,19.282037],[-154.810311,19.416057],[-154.775751,19.457113],[-154.759333,19.536462],[-154.886784,19.625],[-154.928935,19.673605],[-154.963843,19.769189],[-155.029999,19.792101]]]]},"properties":{"code":"US-HI","name":"Hawaii","country":"US"},"bbox":[-178.443593,18.870301,-154.759333,28.516334]},{"type":"Feature","geometry":{"type":"Polygon","coordinates":[[[-97.228961,49.000454],[-98.999817,48.999959],[-100.594384,48.999421],[-102.347761,48.99882],[-104.048692,48.999899],[-104.044287,47.496244],[-104.045547,45.945308],[-102.011078,45.944521],[-100.125395,45.942219],[-98.311488,45.93612],[-96.563672,45.935245],[-96.577882,46.027177],[-96.554411,46.084079],[-96.592682,46.175211],[-96.599379,46.329984],[-96.721853,46.439829],[-96.747266,46.582022],[-96.798195,46.629573],[-96.775453,46.766751],[-96.80275,46.81169],[-96.752654,46.923543],[-96.791503,46.927689],[-96.839548,47.006728],[-96.812659,47.038634],[-96.841247,47.151856],[-96.821555,47.184314],[-96.844847,47.19358],[-96.828764,47.327995],[-96.858206,47.36753],[-96.837465,47.389527],[-96.871763,47.419006],[-96.84228,47.508636],[-96.871172,47.527268],[-96.845323,47.538752],[-96.868934,47.567002],[-96.851021,47.598544],[-96.930973,47.715547],[-96.934883,47.767209],[-96.991578,47.808187],[-96.974128,47.823474],[-97.055341,47.947515],[-97.072257,48.048068],[-97.122876,48.13975],[-97.146505,48.14222],[-97.120968,48.159552],[-97.14751,48.170572],[-97.129277,48.208377],[-97.139296,48.216755],[-97.117838,48.209764],[-97.139055,48.221952],[-97.15219,48.219636],[-97.137191,48.226951],[-97.12069,48.224754],[-97.145032,48.268766],[-97.112231,48.296472],[-97.156261,48.365578],[-97.133341,48.382196],[-97.163376,48.392857],[-97.131175,48.407281],[-97.153994,48.418121],[-97.122583,48.417921],[-97.145873,48.431148],[-97.124824,48.441896],[-97.150633,48.440816],[-97.128163,48.474362],[-97.162668,48.477783],[-97.126758,48.520157],[-97.165797,48.54829],[-97.138951,48.55512],[-97.175423,48.561957],[-97.090313,48.684404],[-97.181481,48.798208],[-97.158118,48.810319],[-97.190274,48.815135],[-97.177814,48.875639],[-97.233996,48.947434],[-97.228961,49.000454]]]},"properties":{"code":"US-ND","name":"North Dakota","country":"US"},"bbox":[-104.048692,45.935245,-96.554411,49.000454]},{"type":"Feature","geometry":{"type":"MultiPolygon","coordinates":[[[[-89.485427,36.497491],[-89.472861,36.55884],[-89.530638,36.58171],[-89.571025,36.555678],[-89.539232,36.497934],[-89.485427,36.497491]]],[[[-83.675395,36.600784],[-83.530146,36.666049],[-83.424713,36.66734],[-83.309711,36.710639],[-83.13512,36.742629],[-83.133231,36.784585],[-83.072836,36.854457],[-83.006577,36.847643],[-82.878683,36.889532],[-82.857665,36.928669],[-82.867467,36.978049],[-82.722433,37.044949],[-82.721413,37.12083],[-82.498755,37.227029],[-82.349,37.267975],[-81.968012,37.538035],[-82.042321,37.548225],[-82.046155,37.52794],[-82.075179,37.555853],[-82.133247,37.552832],[-82.12734,37.586545],[-82.181198,37.62151],[-82.175075,37.647832],[-82.214499,37.6254],[-82.236066,37.659634],[-82.304314,37.676093],[-82.296375,37.702185],[-82.334174,37.742771],[-82.311545,37.764579],[-82.386725,37.818225],[-82.401322,37.809512],[-82.419929,37.88487],[-82.462991,37.91482],[-82.474407,37.899955],[-82.502198,37.933052],[-82.464566,37.983876],[-82.519193,38.001131],[-82.549849,38.069452],[-82.644539,38.165249],[-82.611601,38.171339],[-82.612216,38.236297],[-82.574624,38.263937],[-82.59348,38.421821],[-82.610808,38.471953],[-82.698285,38.54377],[-82.842472,38.58891],[-82.886311,38.755254],[-83.030495,38.725839],[-83.153644,38.618839],[-83.245664,38.628564],[-83.299037,38.597374],[-83.357836,38.654879],[-83.521141,38.703079],[-83.62553,38.678876],[-83.668395,38.626453],[-83.76912,38.655075],[-83.784463,38.696723],[-83.836759,38.717718],[-83.869407,38.761301],[-83.962367,38.787521],[-84.070779,38.770414],[-84.213115,38.805835],[-84.23434,38.893265],[-84.306074,39.007753],[-84.347599,39.03758],[-84.426389,39.053134],[-84.452534,39.119239],[-84.607482,39.073369],[-84.686478,39.101109],[-84.743351,39.147585],[-84.820155,39.105419],[-84.897371,39.0574],[-84.830049,38.97256],[-84.877247,38.909413],[-84.785275,38.880425],[-84.830045,38.83014],[-84.813819,38.785075],[-84.991924,38.778284],[-85.173161,38.688007],[-85.272376,38.74074],[-85.435947,38.72871],[-85.456723,38.686357],[-85.419532,38.53533],[-85.505707,38.464717],[-85.606954,38.438574],[-85.679962,38.297585],[-85.743475,38.267294],[-85.781188,38.288307],[-85.829065,38.276554],[-85.90618,38.167906],[-85.925654,38.021784],[-86.030358,37.992057],[-86.038906,37.95899],[-86.094602,38.008809],[-86.178178,38.010561],[-86.264602,38.054768],[-86.272847,38.140835],[-86.361706,38.198698],[-86.376728,38.169743],[-86.325874,38.154029],[-86.32512,38.136339],[-86.380768,38.129018],[-86.401879,38.104329],[-86.432344,38.126336],[-86.461241,38.120926],[-86.433923,38.065705],[-86.525138,38.028734],[-86.507341,37.929505],[-86.588687,37.92109],[-86.598194,37.867163],[-86.63768,37.842826],[-86.662048,37.851533],[-86.647853,37.909387],[-86.732545,37.894768],[-86.820583,37.9994],[-86.918922,37.936837],[-87.034166,37.906265],[-87.065414,37.807614],[-87.105986,37.783062],[-87.129363,37.785991],[-87.161704,37.839764],[-87.22026,37.848971],[-87.386179,37.937804],[-87.449131,37.941854],[-87.510567,37.906081],[-87.589564,37.975345],[-87.627118,37.925706],[-87.583737,37.87808],[-87.615345,37.831882],[-87.67772,37.834157],[-87.675011,37.901643],[-87.829773,37.876425],[-87.895379,37.928016],[-87.940742,37.8845],[-87.907375,37.807129],[-87.95184,37.771695],[-88.02802,37.799197],[-88.059333,37.742967],[-88.121522,37.710243],[-88.159986,37.659715],[-88.136489,37.577307],[-88.062827,37.514861],[-88.080892,37.473911],[-88.281631,37.452729],[-88.365028,37.401646],[-88.412114,37.425061],[-88.475972,37.388697],[-88.515903,37.284091],[-88.424657,37.152291],[-88.459941,37.074628],[-88.565923,37.075195],[-88.615525,37.115366],[-88.733019,37.144142],[-88.80363,37.188159],[-88.982508,37.228817],[-89.076458,37.174737],[-89.173825,37.066308],[-89.17935,37.021807],[-89.132915,36.982057],[-89.102542,36.969098],[-89.101644,36.940728],[-89.138109,36.847323],[-89.172989,36.8403],[-89.179565,36.813017],[-89.117076,36.765769],[-89.182027,36.755408],[-89.2014,36.725881],[-89.159118,36.666354],[-89.236308,36.566881],[-89.269546,36.569716],[-89.326264,36.63184],[-89.365797,36.625126],[-89.417275,36.499011],[-88.053293,36.497058],[-88.032649,36.542095],[-88.070541,36.678255],[-87.849544,36.663695],[-87.853319,36.63316],[-86.589906,36.652443],[-86.563909,36.633562],[-86.507781,36.652379],[-85.67653,36.618223],[-85.276867,36.626827],[-83.772871,36.58363],[-83.690789,36.582596],[-83.675395,36.600784]]]]},"properties":{"code":"US-KY","name":"Kentucky","country":"US"},"bbox":[-89.571025,36.497058,-81.968012,39.147585]},{"type":"Feature","geometry":{"type":"MultiPolygon","coordinates":[[[[-64.768336,18.260333],[-64.664259,18.261271],[-64.640437,18.363997],[-64.756923,18.376686],[-64.800329,18.407595],[-64.864976,18.395927],[-64.899855,18.46447],[-65.007769,18.440703],[-65.041522,18.459102],[-65.091791,18.447102],[-65.153644,18.293139],[-65.142622,18.250789],[-65.117267,18.234772],[-65.0768,18.238195],[-65.050194,18.269129],[-65.019821,18.252355],[-64.946472,18.257223],[-64.858035,18.179587],[-64.818517,18.192061],[-64.801289,18.245106],[-64.768336,18.260333]]],[[[-64.956714,17.678977],[-64.915914,17.625231],[-64.756436,17.630646],[-64.548748,17.703038],[-64.513178,17.760407],[-64.529821,17.793003],[-64.612062,17.843497],[-64.652347,17.842383],[-64.697524,17.808761],[-64.747072,17.835179],[-64.882729,17.820339],[-64.934196,17.784679],[-64.956714,17.678977]]]]},"properties":{"code":"US-VI","name":"United States Virgin Islands","country":"US"},"bbox":[-65.153644,17.625231,-64.513178,18.46447]},{"type":"Feature","geometry":{"type":"Polygon","coordinates":[[[-77.719519,39.321314],[-77.760862,39.340027],[-77.73574,39.389459],[-77.752943,39.423041],[-77.803205,39.437111],[-77.777605,39.462253],[-77.797196,39.480139],[-77.76634,39.496238],[-77.845378,39.498109],[-77.824739,39.528484],[-77.861176,39.514293],[-77.888736,39.55541],[-77.836087,39.566662],[-77.834145,39.603371],[-77.884916,39.615833],[-77.891973,39.597756],[-77.941085,39.619035],[-77.946102,39.584792],[-77.95504,39.608078],[-78.010109,39.603044],[-78.080556,39.670502],[-78.176542,39.695979],[-78.232568,39.673583],[-78.266088,39.619055],[-78.355323,39.640663],[-78.382363,39.627793],[-78.375611,39.608307],[-78.430139,39.623416],[-78.394844,39.585152],[-78.456772,39.587608],[-78.417019,39.54856],[-78.461117,39.550833],[-78.471942,39.515938],[-78.689558,39.545824],[-78.73339,39.586458],[-78.767061,39.587511],[-78.776805,39.604132],[-78.733187,39.615295],[-78.777622,39.622],[-78.775279,39.645657],[-78.825722,39.589177],[-78.815846,39.562881],[-78.839242,39.567008],[-78.893102,39.523996],[-78.95891,39.462838],[-78.956573,39.440331],[-79.047025,39.483346],[-79.102383,39.476394],[-79.110821,39.431854],[-79.143751,39.405202],[-79.159466,39.417036],[-79.162271,39.388129],[-79.179184,39.396495],[-79.21428,39.363482],[-79.256308,39.357227],[-79.290395,39.299452],[-79.346011,39.29396],[-79.473342,39.202129],[-79.476662,39.721078],[-80.519342,39.721403],[-80.518991,40.638801],[-80.576704,40.614223],[-80.627171,40.619936],[-80.667813,40.583536],[-80.595405,40.475316],[-80.632732,40.390505],[-80.599895,40.317666],[-80.738181,40.078607],[-80.756113,39.913402],[-80.806776,39.916308],[-80.790761,39.86728],[-80.869092,39.766364],[-80.829764,39.711839],[-80.863698,39.691724],[-80.88036,39.620706],[-80.973483,39.588446],[-81.217315,39.38759],[-81.270292,39.386047],[-81.375961,39.341697],[-81.412706,39.394618],[-81.456143,39.409274],[-81.557547,39.338774],[-81.570247,39.267675],[-81.683613,39.270947],[-81.691915,39.227035],[-81.75618,39.18046],[-81.746054,39.096978],[-81.813854,39.079678],[-81.764253,39.015279],[-81.78182,38.964935],[-81.762658,38.924123],[-81.827354,38.945898],[-81.855971,38.892734],[-81.90297,38.87609],[-81.927999,38.893492],[-81.89847,38.929603],[-81.933186,38.98766],[-81.979371,38.993193],[-82.004499,39.028892],[-82.037749,39.023865],[-82.143167,38.898079],[-82.145467,38.83968],[-82.221566,38.787187],[-82.187968,38.733082],[-82.177267,38.603784],[-82.291271,38.578983],[-82.330335,38.4445],[-82.541006,38.4038],[-82.59348,38.421821],[-82.574624,38.263937],[-82.612216,38.236297],[-82.611601,38.171339],[-82.644539,38.165249],[-82.549849,38.069452],[-82.519193,38.001131],[-82.464566,37.983876],[-82.502198,37.933052],[-82.474407,37.899955],[-82.462991,37.91482],[-82.419929,37.88487],[-82.401322,37.809512],[-82.386725,37.818225],[-82.311545,37.764579],[-82.334174,37.742771],[-82.296375,37.702185],[-82.304314,37.676093],[-82.236066,37.659634],[-82.214499,37.6254],[-82.175075,37.647832],[-82.181198,37.62151],[-82.12734,37.586545],[-82.133247,37.552832],[-82.075179,37.555853],[-82.046155,37.52794],[-82.042321,37.548225],[-81.968012,37.538035],[-81.926243,37.513574],[-81.996075,37.471526],[-81.935621,37.438397],[-81.928462,37.360461],[-81.860489,37.315942],[-81.849949,37.285227],[-81.757137,37.276147],[-81.740124,37.237752],[-81.678221,37.20154],[-81.554705,37.20799],[-81.499096,37.257952],[-81.416029,37.273626],[-81.364492,37.337996],[-81.225104,37.234874],[-81.104147,37.280605],[-80.89916,37.315678],[-80.849451,37.346909],[-80.883247,37.383933],[-80.859457,37.429491],[-80.770082,37.372363],[-80.511391,37.481672],[-80.49486,37.435072],[-80.464816,37.426145],[-80.299789,37.508271],[-80.282391,37.533519],[-80.330368,37.536267],[-80.312201,37.54622],[-80.328504,37.564315],[-80.220984,37.627767],[-80.267504,37.646156],[-80.295916,37.692838],[-80.253077,37.725899],[-80.257411,37.756084],[-80.216605,37.775961],[-80.22769,37.797892],[-80.162202,37.875122],[-79.999383,37.994908],[-79.926397,38.106543],[-79.945258,38.132239],[-79.920075,38.182529],[-79.788945,38.268703],[-79.810154,38.306707],[-79.764432,38.356514],[-79.725597,38.363828],[-79.649075,38.591515],[-79.53687,38.550917],[-79.476638,38.457228],[-79.28294,38.4181],[-79.210591,38.492913],[-79.129756,38.655018],[-79.092755,38.659817],[-79.085455,38.724614],[-78.999752,38.846162],[-78.869261,38.76298],[-78.786025,38.887187],[-78.717076,38.936028],[-78.719291,38.90523],[-78.697437,38.914359],[-78.627798,38.98179],[-78.601655,38.964603],[-78.550467,39.018065],[-78.571901,39.031995],[-78.403697,39.167451],[-78.438695,39.198093],[-78.399669,39.243874],[-78.419422,39.257476],[-78.339284,39.348605],[-78.366867,39.35929],[-78.343214,39.388807],[-78.347087,39.466012],[-77.828299,39.132426],[-77.719519,39.321314]]]},"properties":{"code":"US-WV","name":"West Virginia","country":"US"},"bbox":[-82.644539,37.20154,-77.719519,40.638801]},{"type":"Feature","geometry":{"type":"MultiPolygon","coordinates":[[[[-87.518346,30.229506],[-87.51837,30.12553],[-86.64058,30.24631],[-86.35862,30.22085],[-86.1498,30.16291],[-85.8935,30.04529],[-85.58962,29.83756],[-85.54374,29.65152],[-85.45334,29.53785],[-85.35865,29.50559],[-85.25967,29.52481],[-85.07043,29.43698],[-84.90063,29.46982],[-84.71055,29.55206],[-84.58868,29.64074],[-84.47452,29.68773],[-84.41995,29.74696],[-84.26301,29.76626],[-84.19143,29.82818],[-84.160797,29.921266],[-84.06492,29.94008],[-83.919,29.84194],[-83.7809,29.79004],[-83.70578,29.64405],[-83.58207,29.56332],[-83.53876,29.41449],[-83.35723,29.2917],[-83.33042,29.21186],[-83.26208,29.15572],[-83.25588,29.08179],[-83.19827,28.99505],[-83.0939,28.94744],[-82.94557,28.96375],[-82.9158,28.8565],[-82.9235,28.76713],[-82.83914,28.57458],[-82.89736,28.35701],[-82.97418,28.31574],[-83.01698,28.24645],[-82.99746,28.01275],[-83.02054,27.87831],[-82.99389,27.77767],[-82.91522,27.68413],[-82.934925,27.583699],[-82.90265,27.48104],[-82.8323,27.35572],[-82.67054,27.15444],[-82.59299,26.98781],[-82.44505,26.76463],[-82.42578,26.63809],[-82.32065,26.39675],[-82.16932,26.28846],[-82.08688,26.27195],[-82.00546,26.28443],[-81.96444,26.05361],[-81.87372,25.83412],[-81.76672,25.70025],[-81.68273,25.67277],[-81.57623,25.68604],[-81.51902,25.65694],[-81.4876,25.59205],[-81.42541,25.5516],[-81.3252,25.39062],[-81.31491,25.35155],[-81.3423,25.22483],[-81.29506,25.09793],[-81.17085,24.9675],[-81.25758,24.9866],[-81.48849,24.96635],[-81.89429,24.76365],[-82.02695,24.72572],[-82.17537,24.74447],[-82.25376,24.70765],[-82.3265,24.58373],[-82.21545,24.58376],[-82.21417,24.52742],[-82.16949,24.4977],[-82.100333,24.499998],[-82.067171,24.523715],[-82.034272,24.482496],[-81.974409,24.471209],[-81.974468,24.420822],[-81.920556,24.396308],[-81.800697,24.42714],[-81.781807,24.460927],[-81.792362,24.495613],[-81.770807,24.496872],[-81.749811,24.438454],[-81.697199,24.432314],[-81.539924,24.486034],[-81.514615,24.564757],[-81.465088,24.552854],[-81.374801,24.571488],[-81.147686,24.649064],[-81.047648,24.64024],[-80.652342,24.831403],[-80.514343,24.940628],[-80.462886,24.955937],[-80.406033,25.015693],[-80.390435,25.057189],[-80.315211,25.125401],[-80.139104,25.433101],[-80.09552,25.47103],[-80.11557,25.52666],[-80.10373,25.64885],[-80.06962,25.75566],[-80.05453,26.07312],[-79.982476,26.569247],[-79.974306,26.792415],[-80.039102,27.029853],[-80.222395,27.446957],[-80.332526,27.761157],[-80.499773,28.077233],[-80.543999,28.271092],[-80.519428,28.391084],[-80.472338,28.44341],[-80.474848,28.484449],[-80.526846,28.614524],[-80.906836,29.144706],[-81.192768,29.778326],[-81.330627,30.299481],[-81.316897,30.407721],[-81.353574,30.44666],[-81.377674,30.54446],[-81.380867,30.627345],[-81.347015,30.712444],[-81.451241,30.709484],[-81.488464,30.726309],[-81.538391,30.708656],[-81.601882,30.729586],[-81.60987,30.715933],[-81.624366,30.73634],[-81.652153,30.72887],[-81.662323,30.754177],[-81.683096,30.748492],[-81.672494,30.73879],[-81.72013,30.744719],[-81.76172,30.775698],[-81.78263,30.761454],[-81.793075,30.787251],[-81.868515,30.792906],[-81.901245,30.82988],[-81.909111,30.81568],[-81.949638,30.827845],[-81.97364,30.778719],[-82.02288,30.787706],[-82.011603,30.761878],[-82.045608,30.727552],[-82.049023,30.655295],[-82.005401,30.563698],[-82.037218,30.371848],[-82.066184,30.355757],[-82.105241,30.368896],[-82.161777,30.357111],[-82.206728,30.406775],[-82.20124,30.485114],[-82.240403,30.53777],[-82.214677,30.568556],[-84.864693,30.711542],[-84.914322,30.753591],[-84.934424,30.883588],[-84.983127,30.934786],[-85.002499,31.000685],[-86.12154,30.992884],[-87.598829,30.997455],[-87.590933,30.953513],[-87.634744,30.86561],[-87.529977,30.740952],[-87.406474,30.675146],[-87.394913,30.614266],[-87.450371,30.514462],[-87.425078,30.465596],[-87.366939,30.44048],[-87.429578,30.406498],[-87.461078,30.3353],[-87.502572,30.327405],[-87.49998,30.306201],[-87.450078,30.3111],[-87.51838,30.283901],[-87.518346,30.229506]]],[[[-83.108738,24.629489],[-83.08256,24.536873],[-82.999876,24.476981],[-82.999742,24.583917],[-82.872065,24.562216],[-82.828181,24.583765],[-82.656682,24.583709],[-82.639914,24.654914],[-82.655082,24.713315],[-82.709779,24.773122],[-82.775669,24.798173],[-82.868886,24.798089],[-82.979064,24.776053],[-83.041107,24.74091],[-83.088453,24.692051],[-83.108738,24.629489]]]]},"properties":{"code":"US-FL","name":"Florida","country":"US"},"bbox":[-87.634744,24.396308,-79.974306,31.000685]},{"type":"Feature","geometry":{"type":"Polygon","coordinates":[[[-88.02802,37.799197],[-88.090039,37.816771],[-88.025921,37.832694],[-88.09776,37.904026],[-88.014351,37.891916],[-88.020824,37.913758],[-88.069468,37.925704],[-88.034065,37.926159],[-88.036793,37.956793],[-88.012929,37.966544],[-88.025831,38.007245],[-88.007931,38.030845],[-88.042132,38.046345],[-87.967226,38.067105],[-87.96023,38.099893],[-88.006717,38.083924],[-88.015114,38.101411],[-87.945472,38.126616],[-87.910695,38.165096],[-87.934299,38.156459],[-87.977494,38.199783],[-87.988078,38.256717],[-87.960225,38.237118],[-87.934844,38.295145],[-87.909536,38.296061],[-87.91012,38.268108],[-87.870537,38.31222],[-87.861774,38.278637],[-87.840984,38.280105],[-87.822721,38.346912],[-87.745254,38.408996],[-87.730134,38.446518],[-87.750028,38.471427],[-87.646719,38.507767],[-87.670071,38.545237],[-87.638393,38.5922],[-87.61196,38.589248],[-87.62012,38.639489],[-87.531231,38.684036],[-87.495799,38.740699],[-87.514861,38.770503],[-87.495509,38.784626],[-87.553394,38.86241],[-87.544089,38.895093],[-87.516831,38.903697],[-87.512187,38.954417],[-87.578319,38.988786],[-87.560427,38.992425],[-87.579117,39.001607],[-87.572588,39.057286],[-87.620258,39.086572],[-87.615684,39.103316],[-87.652796,39.106839],[-87.635019,39.122124],[-87.658745,39.135997],[-87.574558,39.218404],[-87.571586,39.252287],[-87.604947,39.260212],[-87.597946,39.299479],[-87.620589,39.307046],[-87.531646,39.347888],[-87.52628,40.531729],[-87.523661,41.759907],[-87.207774,41.760956],[-87.019935,42.493498],[-88.794933,42.491989],[-90.642843,42.508481],[-90.646419,42.471328],[-90.477279,42.383794],[-90.419027,42.328505],[-90.430884,42.27823],[-90.391108,42.225473],[-90.162895,42.116718],[-90.140061,42.003252],[-90.180954,41.809354],[-90.309973,41.74342],[-90.343228,41.587833],[-90.461432,41.523533],[-90.556235,41.524232],[-90.655839,41.462132],[-90.846558,41.455141],[-90.929254,41.421544],[-90.982913,41.434171],[-91.04589,41.414085],[-91.113657,41.241401],[-91.041557,41.166162],[-90.994963,41.16063],[-90.946625,41.096628],[-90.952233,40.954047],[-91.092993,40.821079],[-91.123928,40.669152],[-91.18698,40.637297],[-91.339719,40.613488],[-91.401482,40.559458],[-91.364211,40.500043],[-91.372554,40.4012],[-91.419422,40.378264],[-91.490971,40.283364],[-91.510839,40.126137],[-91.494878,40.036453],[-91.41936,39.927717],[-91.446922,39.883034],[-91.436529,39.847078],[-91.362388,39.790482],[-91.368418,39.729738],[-91.181936,39.602677],[-91.153628,39.548248],[-91.100307,39.538695],[-91.03827,39.448435],[-90.940766,39.403984],[-90.72996,39.255894],[-90.681086,39.10059],[-90.712726,39.049736],[-90.663018,38.926283],[-90.623356,38.887149],[-90.548917,38.872937],[-90.471729,38.959186],[-90.439938,38.967383],[-90.250248,38.919344],[-90.109407,38.843548],[-90.119424,38.801811],[-90.20991,38.72605],[-90.184502,38.61158],[-90.257782,38.532012],[-90.291084,38.43089],[-90.370819,38.333554],[-90.353414,38.213213],[-90.217019,38.093466],[-90.1296,38.061436],[-90.110521,38.026549],[-90.059367,38.015543],[-89.996848,37.963219],[-89.924597,37.959849],[-89.974654,37.927074],[-89.947758,37.879847],[-89.902377,37.86974],[-89.842638,37.905197],[-89.786326,37.851689],[-89.739875,37.846921],[-89.669644,37.799922],[-89.663352,37.750052],[-89.617278,37.74972],[-89.583316,37.713261],[-89.516685,37.692762],[-89.517718,37.641217],[-89.475932,37.592998],[-89.519808,37.582747],[-89.517051,37.537278],[-89.420542,37.388007],[-89.432836,37.347056],[-89.489005,37.333368],[-89.517032,37.28192],[-89.458827,37.248661],[-89.461862,37.199517],[-89.37871,37.094586],[-89.378277,37.039605],[-89.278628,36.98867],[-89.260003,37.023288],[-89.30829,37.068371],[-89.25493,37.072014],[-89.185491,36.973518],[-89.132915,36.982057],[-89.17935,37.021807],[-89.173825,37.066308],[-89.076458,37.174737],[-88.982508,37.228817],[-88.80363,37.188159],[-88.733019,37.144142],[-88.615525,37.115366],[-88.565923,37.075195],[-88.459941,37.074628],[-88.424657,37.152291],[-88.515903,37.284091],[-88.475972,37.388697],[-88.412114,37.425061],[-88.365028,37.401646],[-88.281631,37.452729],[-88.080892,37.473911],[-88.062827,37.514861],[-88.136489,37.577307],[-88.159986,37.659715],[-88.121522,37.710243],[-88.059333,37.742967],[-88.02802,37.799197]]]},"properties":{"code":"US-IL","name":"Illinois","country":"US"},"bbox":[-91.510839,36.973518,-87.019935,42.508481]},{"type":"Feature","geometry":{"type":"Polygon","coordinates":[[[-89.483385,48.013716],[-89.580973,47.995939],[-89.610696,48.017927],[-89.650871,48.003617],[-89.775356,48.022863],[-89.895496,47.987325],[-89.993825,48.028091],[-90.023331,48.084748],[-90.140825,48.112555],[-90.374289,48.090915],[-90.467391,48.108744],[-90.556701,48.095931],[-90.57968,48.123797],[-90.751577,48.090987],[-90.798224,48.136889],[-90.777931,48.163838],[-90.836402,48.177028],[-90.839296,48.239559],[-90.885757,48.245953],[-91.082473,48.181152],[-91.266775,48.078831],[-91.429571,48.048653],[-91.488184,48.068378],[-91.56751,48.043789],[-91.559112,48.108593],[-91.639921,48.09711],[-91.682111,48.122502],[-91.711751,48.11465],[-91.715364,48.199504],[-91.864358,48.206947],[-91.893105,48.23798],[-91.958352,48.233135],[-91.954102,48.252262],[-92.006525,48.265411],[-92.000115,48.321096],[-92.046944,48.334772],[-92.055221,48.359364],[-92.262549,48.354913],[-92.306175,48.316246],[-92.269578,48.248185],[-92.369917,48.220279],[-92.469771,48.352092],[-92.456431,48.414083],[-92.50747,48.447979],[-92.656223,48.436474],[-92.712682,48.462982],[-92.698675,48.49484],[-92.627011,48.503273],[-92.634886,48.542557],[-92.728412,48.539372],[-92.950009,48.608349],[-92.954788,48.63154],[-93.178376,48.623258],[-93.254654,48.642814],[-93.465469,48.591635],[-93.467378,48.546451],[-93.793369,48.516311],[-93.844351,48.630222],[-94.224205,48.649457],[-94.291194,48.707812],[-94.415832,48.710971],[-94.452379,48.692401],[-94.645365,48.744017],[-94.694402,48.789444],[-94.683457,48.88412],[-94.816264,49.321399],[-94.957394,49.370198],[-95.058302,49.353253],[-95.153395,49.384479],[-95.153191,48.99887],[-97.228961,49.000454],[-97.233996,48.947434],[-97.177814,48.875639],[-97.190274,48.815135],[-97.158118,48.810319],[-97.181481,48.798208],[-97.090313,48.684404],[-97.175423,48.561957],[-97.138951,48.55512],[-97.165797,48.54829],[-97.126758,48.520157],[-97.162668,48.477783],[-97.128163,48.474362],[-97.150633,48.440816],[-97.124824,48.441896],[-97.145873,48.431148],[-97.122583,48.417921],[-97.153994,48.418121],[-97.131175,48.407281],[-97.163376,48.392857],[-97.133341,48.382196],[-97.156261,48.365578],[-97.112231,48.296472],[-97.145032,48.268766],[-97.12069,48.224754],[-97.137191,48.226951],[-97.15219,48.219636],[-97.139055,48.221952],[-97.117838,48.209764],[-97.139296,48.216755],[-97.129277,48.208377],[-97.14751,48.170572],[-97.120968,48.159552],[-97.146505,48.14222],[-97.122876,48.13975],[-97.072257,48.048068],[-97.055341,47.947515],[-96.974128,47.823474],[-96.991578,47.808187],[-96.934883,47.767209],[-96.930973,47.715547],[-96.851021,47.598544],[-96.868934,47.567002],[-96.845323,47.538752],[-96.871172,47.527268],[-96.84228,47.508636],[-96.871763,47.419006],[-96.837465,47.389527],[-96.858206,47.36753],[-96.828764,47.327995],[-96.844847,47.19358],[-96.821555,47.184314],[-96.841247,47.151856],[-96.812659,47.038634],[-96.839548,47.006728],[-96.791503,46.927689],[-96.752654,46.923543],[-96.80275,46.81169],[-96.775453,46.766751],[-96.798195,46.629573],[-96.747266,46.582022],[-96.721853,46.439829],[-96.599379,46.329984],[-96.592682,46.175211],[-96.554411,46.084079],[-96.577882,46.027177],[-96.563672,45.935245],[-96.583684,45.819307],[-96.662595,45.738682],[-96.838648,45.647509],[-96.856834,45.605378],[-96.692541,45.417338],[-96.521787,45.375645],[-96.453097,45.300751],[-96.45326,43.50039],[-93.801789,43.499677],[-91.217706,43.50055],[-91.243183,43.540309],[-91.231865,43.581822],[-91.268979,43.616578],[-91.244135,43.774667],[-91.284138,43.847065],[-91.432347,43.99669],[-91.59207,44.031372],[-91.721552,44.130342],[-91.875158,44.200575],[-91.918625,44.322671],[-91.966809,44.363986],[-92.230856,44.444496],[-92.336114,44.554004],[-92.548889,44.568252],[-92.568946,44.603372],[-92.621642,44.614929],[-92.632021,44.649187],[-92.808242,44.751083],[-92.750645,44.937299],[-92.76206,45.02432],[-92.803124,45.061566],[-92.739583,45.115598],[-92.766808,45.185466],[-92.762004,45.288213],[-92.704794,45.326526],[-92.646505,45.440338],[-92.745591,45.553016],[-92.883749,45.575483],[-92.869193,45.717568],[-92.784617,45.764199],[-92.707702,45.894901],[-92.551933,45.951651],[-92.525186,45.983862],[-92.469765,45.973569],[-92.428555,46.024241],[-92.35176,46.015685],[-92.332912,46.062697],[-92.294033,46.074377],[-92.291289,46.668137],[-92.270592,46.650741],[-92.207092,46.651941],[-92.175875,46.686466],[-92.204691,46.704041],[-92.14673,46.715794],[-92.11659,46.74864],[-92.020294,46.704041],[-91.500181,46.91332],[-90.65466,47.309822],[-89.957102,47.291103],[-89.483385,48.013716]]]},"properties":{"code":"US-MN","name":"Minnesota","country":"US"},"bbox":[-97.233996,43.499677,-89.483385,49.384479]},{"type":"Feature","geometry":{"type":"Polygon","coordinates":[[[-74.986282,38.451632],[-75.69367,38.46008],[-75.788596,39.722199],[-77.50681,39.71987],[-79.476662,39.721078],[-79.473342,39.202129],[-79.346011,39.29396],[-79.290395,39.299452],[-79.256308,39.357227],[-79.21428,39.363482],[-79.179184,39.396495],[-79.162271,39.388129],[-79.159466,39.417036],[-79.143751,39.405202],[-79.110821,39.431854],[-79.102383,39.476394],[-79.047025,39.483346],[-78.956573,39.440331],[-78.95891,39.462838],[-78.893102,39.523996],[-78.839242,39.567008],[-78.815846,39.562881],[-78.825722,39.589177],[-78.775279,39.645657],[-78.777622,39.622],[-78.733187,39.615295],[-78.776805,39.604132],[-78.767061,39.587511],[-78.73339,39.586458],[-78.689558,39.545824],[-78.471942,39.515938],[-78.461117,39.550833],[-78.417019,39.54856],[-78.456772,39.587608],[-78.394844,39.585152],[-78.430139,39.623416],[-78.375611,39.608307],[-78.382363,39.627793],[-78.355323,39.640663],[-78.266088,39.619055],[-78.232568,39.673583],[-78.176542,39.695979],[-78.080556,39.670502],[-78.010109,39.603044],[-77.95504,39.608078],[-77.946102,39.584792],[-77.941085,39.619035],[-77.891973,39.597756],[-77.884916,39.615833],[-77.834145,39.603371],[-77.836087,39.566662],[-77.888736,39.55541],[-77.861176,39.514293],[-77.824739,39.528484],[-77.845378,39.498109],[-77.76634,39.496238],[-77.797196,39.480139],[-77.777605,39.462253],[-77.803205,39.437111],[-77.752943,39.423041],[-77.73574,39.389459],[-77.760862,39.340027],[-77.719519,39.321314],[-77.56498,39.305174],[-77.543086,39.266916],[-77.45771,39.224979],[-77.517622,39.169417],[-77.520092,39.120869],[-77.456971,39.073399],[-77.337137,39.062265],[-77.254632,39.02969],[-77.24503,38.982684],[-77.147303,38.964486],[-77.119759,38.934343],[-77.040882,38.995845],[-76.909393,38.892852],[-77.039006,38.791645],[-77.046165,38.71446],[-77.122632,38.685256],[-77.129682,38.634704],[-77.246362,38.593441],[-77.310091,38.494911],[-77.32291,38.432625],[-77.283796,38.342855],[-77.179339,38.341914],[-77.041505,38.400692],[-77.011464,38.374425],[-77.028131,38.305317],[-76.962086,38.256964],[-76.94902,38.208418],[-76.839368,38.163609],[-76.60543,38.148933],[-76.596156,38.106676],[-76.536457,38.074903],[-76.516609,38.026783],[-76.236458,37.886605],[-76.052021,37.953578],[-75.943693,37.946133],[-75.952672,37.906827],[-75.80124,37.912174],[-75.704634,37.954698],[-75.6477,37.946963],[-75.624449,37.994195],[-75.166435,38.027834],[-75.020805,38.309756],[-74.986282,38.451632]]]},"properties":{"code":"US-MD","name":"Maryland","country":"US"},"bbox":[-79.476662,37.886605,-74.986282,39.722199]},{"type":"Feature","geometry":{"type":"MultiPolygon","coordinates":[[[[-71.088571,41.431315],[-71.121116,41.492787],[-71.132557,41.660363],[-71.195479,41.67509],[-71.261067,41.752082],[-71.340481,41.797033],[-71.338787,41.898593],[-71.381463,41.893546],[-71.381401,42.018798],[-71.799188,42.008053],[-71.797745,41.416727],[-71.842426,41.41026],[-71.829365,41.342432],[-71.857458,41.320789],[-71.892067,41.330075],[-71.907258,41.304483],[-71.790972,41.184101],[-71.79148,41.272165],[-71.575253,41.320955],[-71.494805,41.307355],[-71.088571,41.431315]]],[[[-71.678807,41.158912],[-71.668345,41.12825],[-71.611673,41.097413],[-71.499496,41.117492],[-71.477024,41.155657],[-71.486497,41.226927],[-71.535979,41.28618],[-71.624504,41.274129],[-71.678807,41.158912]]]]},"properties":{"code":"US-RI","name":"Rhode Island","country":"US"},"bbox":[-71.907258,41.097413,-71.088571,42.018798]},{"type":"Feature","geometry":{"type":"Polygon","coordinates":[[[-116.049086,49.000846],[-117.032345,48.999201],[-117.04214,47.758161],[-117.034626,46.417845],[-117.062788,46.353605],[-116.986216,46.29595],[-116.965384,46.203122],[-116.922341,46.168774],[-116.982589,46.090075],[-116.916071,45.995357],[-116.782139,45.825116],[-116.70975,45.825728],[-116.665268,45.782059],[-116.59421,45.77908],[-116.54724,45.751677],[-116.535396,45.691734],[-116.463407,45.603857],[-116.528319,45.551513],[-116.55483,45.46293],[-116.673793,45.321511],[-116.729607,45.142091],[-116.847944,45.022602],[-116.857982,44.97732],[-116.826271,44.982493],[-116.850984,44.961556],[-116.83199,44.933007],[-116.852427,44.887578],[-116.9347,44.783881],[-117.062273,44.727143],[-117.149242,44.536151],[-117.225076,44.482346],[-117.215072,44.427162],[-117.242873,44.395557],[-117.189769,44.336585],[-117.22274,44.298326],[-117.198147,44.273828],[-117.146218,44.258027],[-117.104207,44.279942],[-117.051431,44.228748],[-117.031862,44.248635],[-116.975985,44.242875],[-116.971675,44.197256],[-116.925392,44.191544],[-116.894202,44.162317],[-116.933701,44.100043],[-116.977351,44.085364],[-116.935301,43.988616],[-116.976045,43.975058],[-116.961535,43.918388],[-117.032578,43.830181],[-117.0262,42.000195],[-115.687821,41.996802],[-114.041477,41.993873],[-112.153848,41.997226],[-111.046714,42.001702],[-111.043925,43.212919],[-111.052434,44.478411],[-111.127383,44.49762],[-111.131382,44.532429],[-111.227631,44.576687],[-111.240889,44.614525],[-111.219319,44.622521],[-111.278477,44.651265],[-111.266804,44.667512],[-111.323626,44.729072],[-111.352977,44.726178],[-111.384824,44.754954],[-111.414273,44.710739],[-111.488784,44.705643],[-111.472483,44.66619],[-111.51631,44.643997],[-111.523611,44.592215],[-111.468002,44.538951],[-111.585687,44.562628],[-111.613897,44.54868],[-111.703164,44.560148],[-111.82153,44.508941],[-111.869319,44.566621],[-112.1064,44.520569],[-112.286568,44.568559],[-112.352509,44.538021],[-112.386524,44.447308],[-112.472687,44.479297],[-112.500642,44.462766],[-112.541712,44.483771],[-112.71793,44.504273],[-112.78081,44.48466],[-112.83989,44.424714],[-112.812208,44.377142],[-112.854267,44.359588],[-112.889557,44.405938],[-113.004506,44.452827],[-113.026824,44.495512],[-113.00653,44.525776],[-113.088292,44.599663],[-113.050722,44.634542],[-113.131459,44.772758],[-113.246894,44.822973],[-113.341276,44.784664],[-113.377567,44.835239],[-113.421952,44.837599],[-113.455071,44.865424],[-113.498818,44.942203],[-113.443939,44.95938],[-113.452044,45.059174],[-113.522187,45.091388],[-113.511249,45.116129],[-113.569884,45.123851],[-113.592133,45.184779],[-113.691887,45.262503],[-113.680279,45.278886],[-113.738661,45.329409],[-113.733475,45.390811],[-113.776043,45.408477],[-113.766022,45.520621],[-113.834778,45.520657],[-113.806431,45.60163],[-113.904691,45.622007],[-113.93526,45.694341],[-114.015482,45.695901],[-114.01527,45.652766],[-114.086102,45.591464],[-114.193608,45.536372],[-114.24845,45.545813],[-114.269892,45.484552],[-114.330047,45.459722],[-114.425707,45.510719],[-114.456077,45.56224],[-114.564936,45.55771],[-114.537944,45.606592],[-114.563987,45.637621],[-114.507646,45.657535],[-114.495148,45.70397],[-114.566465,45.77331],[-114.509644,45.845357],[-114.437715,45.862608],[-114.409654,45.851573],[-114.387868,45.883926],[-114.431396,45.93604],[-114.411755,45.97787],[-114.479992,45.992902],[-114.480347,46.030349],[-114.507504,46.031464],[-114.460475,46.09779],[-114.527359,46.145411],[-114.514858,46.16768],[-114.444091,46.169273],[-114.47072,46.266041],[-114.425441,46.287856],[-114.422447,46.387046],[-114.368414,46.437115],[-114.403184,46.498811],[-114.342641,46.518431],[-114.320745,46.647063],[-114.358224,46.671138],[-114.466834,46.631801],[-114.541822,46.649992],[-114.605732,46.6359],[-114.642563,46.672912],[-114.620787,46.707262],[-114.665376,46.739234],[-114.698594,46.740451],[-114.766786,46.696902],[-114.784904,46.780145],[-114.829306,46.782711],[-114.865779,46.814529],[-114.895189,46.80163],[-114.948261,46.860009],[-114.925143,46.918681],[-115.001274,46.971901],[-115.048789,46.970036],[-115.14413,47.101911],[-115.300577,47.188334],[-115.319786,47.256684],[-115.482264,47.281444],[-115.528509,47.299244],[-115.577639,47.367404],[-115.759304,47.423862],[-115.716094,47.45288],[-115.646461,47.45683],[-115.629488,47.47961],[-115.686264,47.48494],[-115.698314,47.531375],[-115.75562,47.547933],[-115.687758,47.5953],[-115.736508,47.653811],[-115.722648,47.695118],[-115.776311,47.719678],[-115.797498,47.757334],[-115.83091,47.755036],[-115.852312,47.827857],[-115.918885,47.85362],[-116.049108,47.976842],[-116.049086,49.000846]]]},"properties":{"code":"US-ID","name":"Idaho","country":"US"},"bbox":[-117.242873,41.993873,-111.043925,49.000846]},{"type":"Feature","geometry":{"type":"Polygon","coordinates":[[[-70.575094,42.917126],[-70.70631,43.075339],[-70.756412,43.080177],[-70.82708,43.127395],[-70.809821,43.225882],[-70.906564,43.292036],[-70.931178,43.336545],[-70.956492,43.334287],[-70.985943,43.380055],[-70.950632,43.551313],[-70.972759,43.570383],[-70.98904,43.790138],[-71.083928,45.305484],[-71.14756,45.239435],[-71.230614,45.249417],[-71.284224,45.302359],[-71.360278,45.270332],[-71.384137,45.233509],[-71.442818,45.238292],[-71.397342,45.203518],[-71.428385,45.123672],[-71.498042,45.070187],[-71.50108,45.013443],[-71.465047,45.013133],[-71.541531,44.984478],[-71.49491,44.904299],[-71.549451,44.862084],[-71.572817,44.790871],[-71.632114,44.751618],[-71.546819,44.629756],[-71.562131,44.601181],[-71.534909,44.587898],[-71.596968,44.559471],[-71.577024,44.502061],[-71.632782,44.483796],[-71.70258,44.413542],[-71.794483,44.399004],[-71.815846,44.354006],[-72.032802,44.32049],[-72.068478,44.270801],[-72.031841,44.078542],[-72.116865,43.994467],[-72.114378,43.968054],[-72.09094,43.96578],[-72.184616,43.864143],[-72.20523,43.77093],[-72.299564,43.706277],[-72.328327,43.601114],[-72.380237,43.573435],[-72.416022,43.377164],[-72.389868,43.356572],[-72.410559,43.331121],[-72.395315,43.312696],[-72.438605,43.252424],[-72.457405,43.147537],[-72.432196,43.115868],[-72.467842,43.05275],[-72.443259,43.007577],[-72.473717,42.972124],[-72.532022,42.954943],[-72.524499,42.915148],[-72.555415,42.874667],[-72.515466,42.765629],[-72.490547,42.772747],[-72.458412,42.726933],[-71.294637,42.697042],[-71.245426,42.742546],[-71.181786,42.737341],[-71.166647,42.808881],[-71.132805,42.821476],[-71.064416,42.806275],[-71.031201,42.859087],[-70.914631,42.886648],[-70.847718,42.860867],[-70.735005,42.874685],[-70.694395,42.956754],[-70.655109,42.922099],[-70.575094,42.917126]]]},"properties":{"code":"US-NH","name":"New Hampshire","country":"US"},"bbox":[-72.555415,42.697042,-70.575094,45.305484]},{"type":"Feature","geometry":{"type":"MultiPolygon","coordinates":[[[[-114.633487,35.001857],[-115.921842,36.022349],[-117.244917,37.030244],[-118.621676,38.034438],[-120.001014,38.999574],[-119.995687,40.481752],[-119.999234,41.994944],[-121.564777,41.998747],[-124.328835,41.998334],[-124.288578,41.969564],[-124.285031,41.859487],[-124.401242,41.885588],[-124.438909,41.824504],[-124.392055,41.772377],[-124.211706,41.681193],[-124.133231,41.432311],[-124.139973,41.381821],[-124.206515,41.384718],[-124.24242,41.3433],[-124.220032,41.302994],[-124.160704,41.289293],[-124.195532,41.184582],[-124.252474,41.134075],[-124.227079,41.046622],[-124.182694,41.001313],[-124.197619,40.950529],[-124.403367,40.61317],[-124.480543,40.428493],[-124.428055,40.361785],[-124.411026,40.225275],[-124.231204,40.093382],[-124.153762,40.063544],[-124.133255,39.999865],[-124.078596,39.972263],[-123.90097,39.780466],[-123.834649,39.549194],[-123.875126,39.494179],[-123.894936,39.348349],[-123.761965,39.041091],[-123.763148,39.00869],[-123.80986,38.961219],[-123.784676,38.893728],[-123.641253,38.764394],[-123.51058,38.68089],[-123.360929,38.510202],[-123.22022,38.441954],[-123.164757,38.388337],[-123.134523,38.296263],[-123.014817,38.149132],[-123.08513,38.008433],[-123.067965,37.958669],[-122.953224,37.941093],[-122.889291,37.974109],[-122.766771,37.865804],[-122.675654,37.848517],[-122.588174,37.789362],[-122.572777,37.489182],[-122.509889,37.441554],[-122.467005,37.349889],[-122.484046,37.249944],[-122.464117,37.177848],[-122.376086,37.065648],[-122.313899,37.054764],[-122.251082,36.985833],[-122.076399,36.910199],[-122.001124,36.647704],[-122.04405,36.578249],[-121.952833,36.278469],[-121.880193,36.210314],[-121.727812,36.129009],[-121.631818,35.978945],[-121.561461,35.943818],[-121.501047,35.842745],[-121.39346,35.763401],[-121.323512,35.624969],[-121.201555,35.58369],[-121.041635,35.41999],[-120.933292,35.392748],[-120.923435,35.348413],[-120.961253,35.249975],[-120.917792,35.187378],[-120.800411,35.116577],[-120.689606,35.098828],[-120.734382,34.901499],[-120.673281,34.838624],[-120.702093,34.748329],[-120.664691,34.696344],[-120.713329,34.57496],[-120.684529,34.527131],[-120.559439,34.488466],[-120.523646,34.419505],[-120.456015,34.391485],[-120.14728,34.422916],[-120.024356,34.409343],[-119.891521,34.357457],[-119.797067,34.365331],[-119.716129,34.336108],[-119.651357,34.366708],[-119.584795,34.36166],[-119.334462,34.23653],[-119.217993,34.062491],[-118.887301,33.987223],[-118.824893,33.949042],[-118.727459,33.980307],[-118.557356,33.987673],[-118.447254,33.84876],[-118.484483,33.803154],[-118.466962,33.725524],[-118.319135,33.659547],[-118.237008,33.690595],[-118.1259,33.697151],[-118.049848,33.620015],[-117.816356,33.490872],[-117.741409,33.410118],[-117.571531,33.312302],[-117.435563,33.177512],[-117.375872,33.075217],[-117.323279,32.903064],[-117.342,32.840354],[-117.309239,32.656401],[-117.268789,32.619415],[-117.223302,32.621238],[-117.205051,32.529508],[-114.719497,32.718739],[-114.701582,32.745632],[-114.617395,32.728257],[-114.539224,32.749812],[-114.529633,32.795477],[-114.468971,32.845155],[-114.468379,32.970745],[-114.492938,32.971781],[-114.511343,33.023455],[-114.618788,33.027202],[-114.645979,33.048902],[-114.662317,33.03267],[-114.706488,33.08816],[-114.672088,33.258499],[-114.731223,33.302433],[-114.698035,33.352442],[-114.725282,33.405048],[-114.635183,33.422725],[-114.592369,33.498675],[-114.524215,33.553068],[-114.540617,33.591412],[-114.521845,33.612544],[-114.533194,33.65166],[-114.514057,33.660179],[-114.531523,33.675108],[-114.494197,33.707922],[-114.52805,33.814963],[-114.529883,33.857563],[-114.503017,33.867998],[-114.525872,33.901008],[-114.50792,33.903807],[-114.535478,33.934651],[-114.438266,34.022609],[-114.415908,34.107636],[-114.229715,34.186928],[-114.164648,34.259699],[-114.131211,34.26273],[-114.176909,34.349306],[-114.335372,34.450038],[-114.386699,34.457911],[-114.380838,34.529724],[-114.43681,34.596074],[-114.424202,34.610453],[-114.470477,34.711368],[-114.552682,34.766871],[-114.586842,34.835672],[-114.633051,34.869971],[-114.633487,35.001857]]],[[[-123.173825,37.775727],[-123.156757,37.73784],[-123.09285,37.713688],[-123.040696,37.650328],[-122.986747,37.641783],[-122.949068,37.663377],[-122.949985,37.732187],[-123.070494,37.81383],[-123.132272,37.819676],[-123.173825,37.775727]]],[[[-119.117174,33.5056],[-119.078511,33.416765],[-118.978481,33.431106],[-118.962759,33.485205],[-118.992796,33.531849],[-119.076497,33.535148],[-119.117174,33.5056]]],[[[-118.668203,33.485937],[-118.618574,33.406191],[-118.547929,33.376799],[-118.534885,33.315176],[-118.486688,33.276905],[-118.327993,33.248083],[-118.250903,33.280465],[-118.251379,33.353397],[-118.359393,33.464922],[-118.529382,33.531182],[-118.625916,33.528978],[-118.668203,33.485937]]],[[[-118.678204,33.039726],[-118.553186,32.828797],[-118.468374,32.762594],[-118.412621,32.751102],[-118.302848,32.788846],[-118.29725,32.845094],[-118.448863,32.96175],[-118.542103,33.073788],[-118.632642,33.084539],[-118.678204,33.039726]]],[[[-119.49229,33.983215],[-119.432961,33.955905],[-119.369757,33.956357],[-119.304086,33.986539],[-119.297642,34.036583],[-119.342462,34.068964],[-119.467842,34.062931],[-119.548251,34.107783],[-119.614268,34.099432],[-119.654931,34.071218],[-119.750981,34.112582],[-119.913364,34.130148],[-119.965471,34.11256],[-119.991643,34.064868],[-120.045154,34.090606],[-120.252846,34.058031],[-120.355161,34.145021],[-120.418787,34.160569],[-120.471654,34.134102],[-120.538118,34.150344],[-120.582264,34.107517],[-120.488151,33.984283],[-120.367073,33.961036],[-120.298973,33.968457],[-120.221128,33.884187],[-120.125964,33.842348],[-119.93919,33.898643],[-119.904762,33.939674],[-119.83442,33.900788],[-119.707491,33.910388],[-119.538949,33.947656],[-119.49229,33.983215]]],[[[-119.636068,33.280713],[-119.605282,33.206919],[-119.512001,33.167755],[-119.433717,33.166987],[-119.362442,33.214821],[-119.375938,33.264756],[-119.519138,33.3337],[-119.599222,33.323276],[-119.636068,33.280713]]]]},"properties":{"code":"US-CA","name":"California","country":"US"},"bbox":[-124.480543,32.529508,-114.131211,41.998747]},{"type":"Feature","geometry":{"type":"Polygon","coordinates":[[[-75.015123,38.788657],[-74.907986,38.879316],[-74.824329,38.896262],[-74.733423,38.967658],[-74.565241,39.210642],[-74.461615,39.301023],[-74.362513,39.325781],[-74.083316,39.669562],[-74.038158,39.75012],[-73.965275,40.11295],[-73.898208,40.274353],[-73.889645,40.486511],[-73.977874,40.519095],[-74.225331,40.476578],[-74.258843,40.498875],[-74.19143,40.642025],[-74.055749,40.651476],[-73.893628,40.997165],[-74.69558,41.357607],[-74.795572,41.320342],[-74.883353,41.179561],[-74.982,41.10849],[-74.991815,41.089132],[-74.969123,41.086803],[-75.131096,40.990464],[-75.051029,40.865662],[-75.095784,40.847082],[-75.083929,40.824471],[-75.108505,40.791094],[-75.171587,40.777745],[-75.196535,40.751631],[-75.182084,40.731522],[-75.203921,40.691498],[-75.176803,40.675715],[-75.200452,40.649219],[-75.194105,40.576079],[-75.115536,40.57286],[-75.0681,40.541488],[-75.058575,40.418193],[-74.966552,40.398154],[-74.939711,40.338006],[-74.771437,40.215176],[-74.72255,40.149082],[-74.784168,40.120477],[-74.822531,40.126844],[-74.861756,40.083462],[-74.938897,40.066099],[-75.129088,39.960709],[-75.142343,39.88521],[-75.341766,39.846082],[-75.415062,39.801919],[-75.558773,39.629987],[-75.51196,39.56729],[-75.560538,39.455645],[-75.321021,39.251379],[-75.168462,39.056179],[-75.015123,38.788657]]]},"properties":{"code":"US-NJ","name":"New Jersey","country":"US"},"bbox":[-75.560538,38.788657,-73.889645,41.357607]},{"type":"Feature","geometry":{"type":"Polygon","coordinates":[[[-78.499301,33.812852],[-79.676494,34.805065],[-80.797484,34.819803],[-80.781921,34.935848],[-80.92717,35.100257],[-81.041496,35.044713],[-81.057079,35.085681],[-81.032854,35.107377],[-81.052074,35.133486],[-81.034264,35.149257],[-81.147513,35.155961],[-82.29108,35.200085],[-82.371234,35.180649],[-82.392082,35.215397],[-82.43987,35.165743],[-82.478161,35.17598],[-82.628756,35.125777],[-82.681747,35.127972],[-82.697634,35.09596],[-82.756511,35.06736],[-82.781731,35.065305],[-82.783172,35.085921],[-83.108613,35.000659],[-83.127624,34.949829],[-83.111755,34.934963],[-83.156891,34.930767],[-83.205261,34.880165],[-83.242996,34.877537],[-83.270882,34.818588],[-83.306366,34.81567],[-83.318748,34.757626],[-83.353416,34.728424],[-83.342004,34.68177],[-83.23258,34.611597],[-83.159677,34.603298],[-83.158677,34.578999],[-83.034565,34.483571],[-82.901551,34.486764],[-82.858837,34.45522],[-82.834457,34.365221],[-82.746811,34.266588],[-82.717459,34.150546],[-82.642416,34.093264],[-82.556765,33.945324],[-82.524515,33.94336],[-82.455105,33.88165],[-82.32448,33.820033],[-82.247472,33.752591],[-82.186155,33.620881],[-82.046335,33.56383],[-81.985938,33.486536],[-81.926336,33.462937],[-81.913126,33.438333],[-81.93243,33.425706],[-81.909693,33.411979],[-81.945181,33.407531],[-81.924837,33.37414],[-81.946337,33.37064],[-81.939737,33.344941],[-81.909137,33.346641],[-81.913737,33.320042],[-81.901384,33.335774],[-81.880737,33.302243],[-81.847336,33.306843],[-81.863236,33.288844],[-81.828336,33.263045],[-81.852076,33.247288],[-81.805238,33.211441],[-81.768935,33.217447],[-81.752135,33.14855],[-81.611657,33.094259],[-81.491954,33.009093],[-81.502427,32.935353],[-81.464433,32.898603],[-81.479445,32.881082],[-81.452883,32.872964],[-81.460722,32.846038],[-81.426475,32.840773],[-81.417984,32.818196],[-81.43194,32.768911],[-81.404932,32.745559],[-81.427517,32.701895],[-81.393033,32.651542],[-81.41866,32.629392],[-81.366782,32.576915],[-81.28058,32.55603],[-81.187141,32.464149],[-81.205405,32.423339],[-81.159995,32.340476],[-81.128535,32.338381],[-81.119628,32.286778],[-81.156607,32.243284],[-81.114032,32.195701],[-81.129756,32.165839],[-81.115367,32.114705],[-81.038125,32.083734],[-81.004305,32.102367],[-80.925085,32.041939],[-80.822762,32.034244],[-80.78296,31.995954],[-80.742958,32.049535],[-80.748202,32.08449],[-80.66472,32.142607],[-80.566449,32.172369],[-80.496812,32.250199],[-80.392327,32.280317],[-80.374825,32.342453],[-80.257281,32.435168],[-80.243074,32.472449],[-80.198839,32.496241],[-80.121459,32.499192],[-80.088877,32.549029],[-79.967923,32.563709],[-79.798255,32.675632],[-79.760074,32.738257],[-79.691893,32.75924],[-79.637821,32.816377],[-79.534689,32.870012],[-79.495945,32.931572],[-79.440181,32.958916],[-79.322257,32.956078],[-79.273373,33.046559],[-79.202963,33.071707],[-79.082229,33.171325],[-79.081634,33.207329],[-79.120217,33.246932],[-79.087581,33.369287],[-78.910541,33.589351],[-78.691382,33.755288],[-78.499301,33.812852]]]},"properties":{"code":"US-SC","name":"South Carolina","country":"US"},"bbox":[-83.353416,31.995954,-78.499301,35.215397]},{"type":"Feature","geometry":{"type":"Polygon","coordinates":[[[-83.11246,41.95941],[-83.14945,42.040264],[-83.121704,42.125431],[-83.127999,42.238695],[-83.097704,42.289675],[-83.026234,42.32891],[-82.83025,42.373492],[-82.661886,42.541746],[-82.585476,42.553181],[-82.518933,42.613737],[-82.467667,42.761906],[-82.482574,42.808644],[-82.456027,42.925812],[-82.416698,42.966424],[-82.423724,42.998517],[-82.122971,43.590827],[-82.52064,45.335902],[-83.483974,45.771937],[-83.636867,45.773944],[-83.433558,45.998895],[-83.571467,46.105998],[-83.654647,46.122055],[-83.759529,46.103173],[-83.826243,46.119288],[-83.903474,46.06091],[-83.955424,46.057188],[-84.005685,46.149551],[-84.077027,46.187558],[-84.108089,46.241238],[-84.106247,46.321963],[-84.146172,46.41852],[-84.111225,46.504119],[-84.128925,46.530119],[-84.226131,46.53392],[-84.275814,46.492821],[-84.420274,46.501077],[-84.475594,46.452864],[-84.556962,46.460639],[-84.762957,46.634324],[-84.859335,46.888843],[-86.625125,47.617767],[-88.369862,48.306063],[-88.677442,48.245397],[-89.33755,47.974261],[-89.483385,48.013716],[-89.957102,47.291103],[-90.418392,46.566099],[-90.393262,46.532433],[-90.33223,46.553432],[-90.316554,46.516896],[-90.27694,46.524447],[-90.272551,46.504512],[-90.216637,46.501637],[-90.12143,46.337425],[-89.091638,46.138447],[-88.816026,46.020586],[-88.796497,46.033658],[-88.780156,46.015395],[-88.73898,46.027459],[-88.678868,46.013595],[-88.670827,45.988547],[-88.615957,45.987896],[-88.601178,46.01777],[-88.58827,46.005098],[-88.514692,46.020019],[-88.489355,45.991367],[-88.458672,45.999514],[-88.416381,45.975092],[-88.380503,45.991765],[-88.327276,45.954957],[-88.246894,45.963532],[-88.102461,45.921546],[-88.101264,45.882282],[-88.069763,45.872938],[-88.130129,45.809708],[-88.072167,45.780085],[-87.991447,45.795393],[-87.963452,45.75822],[-87.876898,45.754379],[-87.782226,45.683053],[-87.824392,45.64771],[-87.777199,45.588498],[-87.792372,45.563055],[-87.83369,45.561556],[-87.792769,45.499967],[-87.861697,45.434473],[-87.849322,45.403872],[-87.888052,45.354697],[-87.869167,45.366049],[-87.850133,45.340435],[-87.754104,45.349442],[-87.693956,45.389893],[-87.65735,45.368754],[-87.648126,45.339396],[-87.74181,45.197469],[-87.659952,45.107512],[-87.442508,45.076434],[-87.405694,45.201969],[-87.315422,45.240657],[-87.17117,45.35254],[-87.101133,45.44423],[-86.754236,45.44361],[-86.249548,45.236125],[-86.49993,45.0808],[-86.686288,44.881002],[-87.013234,44.131905],[-87.114102,43.734111],[-87.147166,43.379859],[-87.019935,42.493498],[-87.207774,41.760956],[-84.805885,41.760171],[-84.805972,41.696118],[-83.415851,41.733794],[-83.11246,41.95941]]]},"properties":{"code":"US-MI","name":"Michigan","country":"US"},"bbox":[-90.418392,41.696118,-82.122971,48.306063]},{"type":"Feature","geometry":{"type":"Polygon","coordinates":[[[-91.166095,33.004291],[-91.120669,33.057695],[-91.201812,33.124036],[-91.183216,33.141805],[-91.086017,33.136281],[-91.10026,33.219428],[-91.070803,33.227396],[-91.043864,33.275778],[-91.078045,33.283627],[-91.105787,33.241526],[-91.141376,33.298822],[-91.142219,33.348989],[-91.058109,33.446907],[-91.086902,33.451394],[-91.100025,33.406582],[-91.148109,33.378787],[-91.20932,33.406497],[-91.131878,33.430257],[-91.116916,33.453737],[-91.134115,33.482966],[-91.170307,33.497851],[-91.177165,33.443942],[-91.235704,33.439426],[-91.182492,33.49983],[-91.233392,33.562747],[-91.164064,33.570496],[-91.128666,33.606779],[-91.162203,33.644273],[-91.220057,33.661009],[-91.229232,33.686305],[-91.160367,33.706602],[-91.093053,33.658177],[-91.033707,33.673844],[-91.059169,33.71452],[-91.117645,33.705299],[-91.148807,33.73136],[-91.133063,33.783324],[-91.019367,33.76412],[-90.988806,33.783079],[-91.069385,33.843312],[-91.071311,33.870813],[-91.010246,33.932172],[-91.08646,33.957804],[-91.086386,34.006129],[-91.018948,34.003225],[-90.998951,33.965604],[-90.966173,33.964663],[-90.988184,34.019211],[-90.893999,34.026207],[-90.871122,34.080249],[-90.94564,34.107965],[-90.958644,34.135484],[-90.909957,34.165511],[-90.845283,34.136886],[-90.807219,34.163713],[-90.817488,34.183198],[-90.908215,34.192071],[-90.935548,34.237847],[-90.906334,34.244382],[-90.847149,34.20613],[-90.831773,34.276936],[-90.765623,34.269513],[-90.738025,34.289279],[-90.764393,34.363675],[-90.676305,34.371261],[-90.693129,34.32257],[-90.669343,34.313088],[-90.657142,34.377397],[-90.586232,34.409172],[-90.592662,34.490579],[-90.539623,34.553925],[-90.591595,34.621012],[-90.570102,34.693432],[-90.541928,34.683862],[-90.554885,34.645168],[-90.534207,34.627462],[-90.462883,34.683805],[-90.474166,34.705277],[-90.529562,34.695834],[-90.571944,34.712777],[-90.539786,34.754304],[-90.544167,34.791667],[-90.513889,34.8],[-90.492777,34.772499],[-90.524166,34.731388],[-90.474999,34.723888],[-90.447994,34.741988],[-90.476584,34.794004],[-90.455379,34.820785],[-90.477059,34.885221],[-90.435958,34.881848],[-90.438729,34.825248],[-90.338449,34.858517],[-90.306903,34.846704],[-90.317741,34.871058],[-90.254163,34.895847],[-90.241284,34.926063],[-90.308361,34.995694],[-90.29298,35.041172],[-90.206777,35.026013],[-90.163657,35.124177],[-90.09555,35.118915],[-90.066747,35.13805],[-90.117191,35.188297],[-90.075843,35.213094],[-90.091092,35.245004],[-90.148858,35.254273],[-90.168917,35.279711],[-90.157936,35.30123],[-90.109966,35.304988],[-90.07916,35.382469],[-90.132235,35.413663],[-90.135676,35.376696],[-90.165282,35.373982],[-90.17061,35.418282],[-90.10112,35.478068],[-90.068269,35.467074],[-90.054322,35.389277],[-90.048086,35.411737],[-90.002668,35.429985],[-90.048333,35.504246],[-90.030019,35.554805],[-89.989667,35.560221],[-89.958749,35.523837],[-89.904638,35.519348],[-89.957568,35.588531],[-89.857753,35.633677],[-89.851275,35.657608],[-89.863115,35.670519],[-89.925453,35.658206],[-89.957812,35.727372],[-89.907461,35.759288],[-89.825451,35.745188],[-89.781662,35.805228],[-89.698645,35.818711],[-89.695531,35.835673],[-89.772904,35.865632],[-89.744547,35.910699],[-89.669079,35.87451],[-89.643585,35.889742],[-89.646503,35.923743],[-89.718497,35.963123],[-89.733056,36.000809],[-90.3779,35.995745],[-90.319612,36.08957],[-90.235445,36.139395],[-90.220346,36.18454],[-90.126257,36.229214],[-90.117068,36.263487],[-90.064193,36.302502],[-90.082382,36.321997],[-90.063504,36.384081],[-90.138503,36.413726],[-90.152307,36.497982],[-92.370252,36.497264],[-94.617859,36.499431],[-94.431014,35.393167],[-94.485903,33.637858],[-94.44834,33.642449],[-94.471706,33.602621],[-94.412451,33.569019],[-94.380649,33.581864],[-94.401459,33.560531],[-94.381664,33.544035],[-94.352712,33.544235],[-94.343713,33.567955],[-94.309543,33.551631],[-94.287873,33.582511],[-94.277324,33.557329],[-94.242518,33.589744],[-94.250695,33.557108],[-94.195447,33.555162],[-94.217304,33.580245],[-94.183774,33.594666],[-94.142028,33.581128],[-94.128738,33.55092],[-94.073821,33.584749],[-94.055615,33.561577],[-94.073418,33.554916],[-94.043313,33.551584],[-94.043015,33.019262],[-92.335467,33.010358],[-91.166095,33.004291]]]},"properties":{"code":"US-AR","name":"Arkansas","country":"US"},"bbox":[-94.617859,33.004291,-89.643585,36.499431]},{"type":"Feature","geometry":{"type":"Polygon","coordinates":[[[-88.384431,30.158543],[-88.473227,31.893856],[-88.287695,33.42694],[-88.097888,34.892202],[-88.152413,34.919741],[-88.200064,34.995634],[-90.308361,34.995694],[-90.241284,34.926063],[-90.254163,34.895847],[-90.317741,34.871058],[-90.306903,34.846704],[-90.338449,34.858517],[-90.438729,34.825248],[-90.435958,34.881848],[-90.477059,34.885221],[-90.455379,34.820785],[-90.476584,34.794004],[-90.447994,34.741988],[-90.474999,34.723888],[-90.524166,34.731388],[-90.492777,34.772499],[-90.513889,34.8],[-90.544167,34.791667],[-90.539786,34.754304],[-90.571944,34.712777],[-90.529562,34.695834],[-90.474166,34.705277],[-90.462883,34.683805],[-90.534207,34.627462],[-90.554885,34.645168],[-90.541928,34.683862],[-90.570102,34.693432],[-90.591595,34.621012],[-90.539623,34.553925],[-90.592662,34.490579],[-90.586232,34.409172],[-90.657142,34.377397],[-90.669343,34.313088],[-90.693129,34.32257],[-90.676305,34.371261],[-90.764393,34.363675],[-90.738025,34.289279],[-90.765623,34.269513],[-90.831773,34.276936],[-90.847149,34.20613],[-90.906334,34.244382],[-90.935548,34.237847],[-90.908215,34.192071],[-90.817488,34.183198],[-90.807219,34.163713],[-90.845283,34.136886],[-90.909957,34.165511],[-90.958644,34.135484],[-90.94564,34.107965],[-90.871122,34.080249],[-90.893999,34.026207],[-90.988184,34.019211],[-90.966173,33.964663],[-90.998951,33.965604],[-91.018948,34.003225],[-91.086386,34.006129],[-91.08646,33.957804],[-91.010246,33.932172],[-91.071311,33.870813],[-91.069385,33.843312],[-90.988806,33.783079],[-91.019367,33.76412],[-91.133063,33.783324],[-91.148807,33.73136],[-91.117645,33.705299],[-91.059169,33.71452],[-91.033707,33.673844],[-91.093053,33.658177],[-91.160367,33.706602],[-91.229232,33.686305],[-91.220057,33.661009],[-91.162203,33.644273],[-91.128666,33.606779],[-91.164064,33.570496],[-91.233392,33.562747],[-91.182492,33.49983],[-91.235704,33.439426],[-91.177165,33.443942],[-91.170307,33.497851],[-91.134115,33.482966],[-91.116916,33.453737],[-91.131878,33.430257],[-91.20932,33.406497],[-91.148109,33.378787],[-91.100025,33.406582],[-91.086902,33.451394],[-91.058109,33.446907],[-91.142219,33.348989],[-91.141376,33.298822],[-91.105787,33.241526],[-91.078045,33.283627],[-91.043864,33.275778],[-91.070803,33.227396],[-91.10026,33.219428],[-91.086017,33.136281],[-91.183216,33.141805],[-91.201812,33.124036],[-91.120669,33.057695],[-91.166095,33.004291],[-91.201842,32.961212],[-91.207046,32.914091],[-91.145076,32.905493],[-91.135517,32.979657],[-91.106581,32.988937],[-91.063684,32.906364],[-91.145002,32.842869],[-91.165328,32.7513],[-91.054481,32.722259],[-91.152081,32.641508],[-91.151318,32.615918],[-91.119854,32.584795],[-91.049802,32.607185],[-91.0158,32.641644],[-91.008245,32.604239],[-91.080411,32.556468],[-90.987202,32.495663],[-91.038106,32.49044],[-91.093742,32.549127],[-91.115708,32.48234],[-91.051407,32.437842],[-90.969587,32.439492],[-90.993625,32.354047],[-90.912363,32.339454],[-90.875638,32.371729],[-90.922231,32.298639],[-90.949781,32.283056],[-90.979475,32.293702],[-90.969403,32.25252],[-90.994944,32.193141],[-91.002906,32.22305],[-91.039007,32.242348],[-91.061408,32.21865],[-91.164171,32.196888],[-91.162822,32.132694],[-91.053555,32.124412],[-91.058307,32.180951],[-91.002906,32.162052],[-91.004106,32.146152],[-91.035207,32.100453],[-91.081108,32.078353],[-91.080908,32.047855],[-91.135709,32.080654],[-91.15851,32.072854],[-91.15381,32.050655],[-91.075908,32.016827],[-91.18481,31.965557],[-91.182277,31.915814],[-91.267712,31.86266],[-91.254311,31.813662],[-91.283212,31.815762],[-91.294013,31.86046],[-91.345214,31.843861],[-91.365614,31.760763],[-91.281212,31.772263],[-91.263111,31.754764],[-91.369375,31.746903],[-91.398015,31.708964],[-91.401015,31.620365],[-91.436216,31.612465],[-91.49613,31.64531],[-91.515462,31.630372],[-91.492918,31.589565],[-91.418816,31.596565],[-91.405415,31.576466],[-91.447616,31.540666],[-91.522536,31.522078],[-91.51513,31.449206],[-91.472067,31.397076],[-91.474809,31.368646],[-91.521836,31.37517],[-91.543366,31.432608],[-91.576265,31.410498],[-91.568953,31.377629],[-91.546059,31.382221],[-91.548213,31.346084],[-91.50866,31.315131],[-91.515614,31.27821],[-91.654027,31.255753],[-91.588939,31.188959],[-91.626862,31.118771],[-91.559907,31.054119],[-91.578413,31.02403],[-91.636942,30.999416],[-89.731673,31.004817],[-89.727072,30.967395],[-89.756513,30.942861],[-89.744789,30.918933],[-89.77341,30.897693],[-89.771722,30.854677],[-89.79247,30.850386],[-89.781502,30.818945],[-89.835124,30.771092],[-89.816075,30.738908],[-89.836939,30.734913],[-89.852203,30.661684],[-89.814002,30.638246],[-89.830711,30.617221],[-89.807952,30.567653],[-89.786865,30.569053],[-89.803919,30.549349],[-89.683403,30.451536],[-89.683837,30.40582],[-89.629592,30.33896],[-89.647178,30.289367],[-89.580696,30.186332],[-89.534835,30.195383],[-89.494973,30.16075],[-89.260977,30.181998],[-89.183669,30.212155],[-89.096476,30.165829],[-88.88903,30.139845],[-88.90033,30.16998],[-88.821387,30.21737],[-88.765287,30.189941],[-88.545855,30.176653],[-88.461283,30.146686],[-88.384431,30.158543]]]},"properties":{"code":"US-MS","name":"Mississippi","country":"US"},"bbox":[-91.654027,30.139845,-88.097888,34.995694]},{"type":"Feature","geometry":{"type":"Polygon","coordinates":[[[-91.419422,40.378264],[-91.463895,40.375659],[-91.524612,40.410765],[-91.52509,40.457845],[-91.574734,40.465655],[-91.621353,40.510072],[-91.620071,40.540817],[-91.6887,40.55739],[-91.686357,40.580875],[-91.729115,40.61364],[-92.713177,40.589423],[-94.07214,40.573026],[-95.765645,40.585208],[-95.75711,40.52599],[-95.708591,40.521551],[-95.678715,40.562561],[-95.653416,40.541899],[-95.661681,40.517312],[-95.699969,40.505275],[-95.622684,40.342323],[-95.657328,40.310856],[-95.562157,40.297359],[-95.552473,40.261904],[-95.478694,40.243661],[-95.479193,40.185652],[-95.393347,40.119212],[-95.415106,40.040341],[-95.348777,40.029297],[-95.30829,39.999998],[-95.250254,39.948644],[-95.205266,39.93975],[-95.20175,39.904377],[-95.149657,39.905948],[-95.124529,39.872857],[-95.039403,39.864832],[-95.009936,39.900636],[-94.93016,39.889934],[-94.940599,39.853018],[-94.875944,39.813294],[-94.934573,39.772961],[-94.910949,39.759178],[-94.869655,39.772899],[-94.862735,39.742195],[-94.899316,39.724042],[-94.963958,39.740361],[-94.970677,39.687239],[-95.027644,39.665454],[-95.05059,39.587563],[-95.104948,39.576604],[-95.109304,39.542285],[-94.942039,39.389499],[-94.885026,39.389801],[-94.906126,39.314721],[-94.830553,39.255135],[-94.831679,39.215938],[-94.782951,39.207162],[-94.740777,39.169987],[-94.67824,39.184169],[-94.655787,39.15568],[-94.588658,39.151163],[-94.608519,39.116244],[-94.617964,36.998905],[-94.617859,36.499431],[-92.370252,36.497264],[-90.152307,36.497982],[-90.138503,36.413726],[-90.063504,36.384081],[-90.082382,36.321997],[-90.064193,36.302502],[-90.117068,36.263487],[-90.126257,36.229214],[-90.220346,36.18454],[-90.235445,36.139395],[-90.319612,36.08957],[-90.3779,35.995745],[-89.733056,36.000809],[-89.692437,36.020507],[-89.672463,36.091837],[-89.592102,36.135637],[-89.607004,36.171179],[-89.704459,36.235468],[-89.698568,36.250591],[-89.602374,36.238106],[-89.534745,36.252573],[-89.539487,36.277368],[-89.620255,36.323006],[-89.605668,36.342234],[-89.531822,36.339246],[-89.513178,36.359897],[-89.545255,36.427079],[-89.51972,36.467002],[-89.539232,36.497934],[-89.571025,36.555678],[-89.530638,36.58171],[-89.472861,36.55884],[-89.485427,36.497491],[-89.493082,36.4705],[-89.471895,36.45756],[-89.417275,36.499011],[-89.365797,36.625126],[-89.326264,36.63184],[-89.269546,36.569716],[-89.236308,36.566881],[-89.159118,36.666354],[-89.2014,36.725881],[-89.182027,36.755408],[-89.117076,36.765769],[-89.179565,36.813017],[-89.172989,36.8403],[-89.138109,36.847323],[-89.101644,36.940728],[-89.102542,36.969098],[-89.132915,36.982057],[-89.185491,36.973518],[-89.25493,37.072014],[-89.30829,37.068371],[-89.260003,37.023288],[-89.278628,36.98867],[-89.378277,37.039605],[-89.37871,37.094586],[-89.461862,37.199517],[-89.458827,37.248661],[-89.517032,37.28192],[-89.489005,37.333368],[-89.432836,37.347056],[-89.420542,37.388007],[-89.517051,37.537278],[-89.519808,37.582747],[-89.475932,37.592998],[-89.517718,37.641217],[-89.516685,37.692762],[-89.583316,37.713261],[-89.617278,37.74972],[-89.663352,37.750052],[-89.669644,37.799922],[-89.739875,37.846921],[-89.786326,37.851689],[-89.842638,37.905197],[-89.902377,37.86974],[-89.947758,37.879847],[-89.974654,37.927074],[-89.924597,37.959849],[-89.996848,37.963219],[-90.059367,38.015543],[-90.110521,38.026549],[-90.1296,38.061436],[-90.217019,38.093466],[-90.353414,38.213213],[-90.370819,38.333554],[-90.291084,38.43089],[-90.257782,38.532012],[-90.184502,38.61158],[-90.20991,38.72605],[-90.119424,38.801811],[-90.109407,38.843548],[-90.250248,38.919344],[-90.439938,38.967383],[-90.471729,38.959186],[-90.548917,38.872937],[-90.623356,38.887149],[-90.663018,38.926283],[-90.712726,39.049736],[-90.681086,39.10059],[-90.72996,39.255894],[-90.940766,39.403984],[-91.03827,39.448435],[-91.100307,39.538695],[-91.153628,39.548248],[-91.181936,39.602677],[-91.368418,39.729738],[-91.362388,39.790482],[-91.436529,39.847078],[-91.446922,39.883034],[-91.41936,39.927717],[-91.494878,40.036453],[-91.510839,40.126137],[-91.490971,40.283364],[-91.419422,40.378264]]]},"properties":{"code":"US-MO","name":"Missouri","country":"US"},"bbox":[-95.765645,35.995745,-89.101644,40.61364]},{"type":"Feature","geometry":{"type":"Polygon","coordinates":[[[-104.048692,48.999899],[-105.55204,48.999664],[-107.088934,49.000049],[-108.6761,48.999353],[-110.128611,48.999463],[-111.575693,48.996676],[-113.241049,48.998283],[-116.049086,49.000846],[-116.049108,47.976842],[-115.918885,47.85362],[-115.852312,47.827857],[-115.83091,47.755036],[-115.797498,47.757334],[-115.776311,47.719678],[-115.722648,47.695118],[-115.736508,47.653811],[-115.687758,47.5953],[-115.75562,47.547933],[-115.698314,47.531375],[-115.686264,47.48494],[-115.629488,47.47961],[-115.646461,47.45683],[-115.716094,47.45288],[-115.759304,47.423862],[-115.577639,47.367404],[-115.528509,47.299244],[-115.482264,47.281444],[-115.319786,47.256684],[-115.300577,47.188334],[-115.14413,47.101911],[-115.048789,46.970036],[-115.001274,46.971901],[-114.925143,46.918681],[-114.948261,46.860009],[-114.895189,46.80163],[-114.865779,46.814529],[-114.829306,46.782711],[-114.784904,46.780145],[-114.766786,46.696902],[-114.698594,46.740451],[-114.665376,46.739234],[-114.620787,46.707262],[-114.642563,46.672912],[-114.605732,46.6359],[-114.541822,46.649992],[-114.466834,46.631801],[-114.358224,46.671138],[-114.320745,46.647063],[-114.342641,46.518431],[-114.403184,46.498811],[-114.368414,46.437115],[-114.422447,46.387046],[-114.425441,46.287856],[-114.47072,46.266041],[-114.444091,46.169273],[-114.514858,46.16768],[-114.527359,46.145411],[-114.460475,46.09779],[-114.507504,46.031464],[-114.480347,46.030349],[-114.479992,45.992902],[-114.411755,45.97787],[-114.431396,45.93604],[-114.387868,45.883926],[-114.409654,45.851573],[-114.437715,45.862608],[-114.509644,45.845357],[-114.566465,45.77331],[-114.495148,45.70397],[-114.507646,45.657535],[-114.563987,45.637621],[-114.537944,45.606592],[-114.564936,45.55771],[-114.456077,45.56224],[-114.425707,45.510719],[-114.330047,45.459722],[-114.269892,45.484552],[-114.24845,45.545813],[-114.193608,45.536372],[-114.086102,45.591464],[-114.01527,45.652766],[-114.015482,45.695901],[-113.93526,45.694341],[-113.904691,45.622007],[-113.806431,45.60163],[-113.834778,45.520657],[-113.766022,45.520621],[-113.776043,45.408477],[-113.733475,45.390811],[-113.738661,45.329409],[-113.680279,45.278886],[-113.691887,45.262503],[-113.592133,45.184779],[-113.569884,45.123851],[-113.511249,45.116129],[-113.522187,45.091388],[-113.452044,45.059174],[-113.443939,44.95938],[-113.498818,44.942203],[-113.455071,44.865424],[-113.421952,44.837599],[-113.377567,44.835239],[-113.341276,44.784664],[-113.246894,44.822973],[-113.131459,44.772758],[-113.050722,44.634542],[-113.088292,44.599663],[-113.00653,44.525776],[-113.026824,44.495512],[-113.004506,44.452827],[-112.889557,44.405938],[-112.854267,44.359588],[-112.812208,44.377142],[-112.83989,44.424714],[-112.78081,44.48466],[-112.71793,44.504273],[-112.541712,44.483771],[-112.500642,44.462766],[-112.472687,44.479297],[-112.386524,44.447308],[-112.352509,44.538021],[-112.286568,44.568559],[-112.1064,44.520569],[-111.869319,44.566621],[-111.82153,44.508941],[-111.703164,44.560148],[-111.613897,44.54868],[-111.585687,44.562628],[-111.468002,44.538951],[-111.523611,44.592215],[-111.51631,44.643997],[-111.472483,44.66619],[-111.488784,44.705643],[-111.414273,44.710739],[-111.384824,44.754954],[-111.352977,44.726178],[-111.323626,44.729072],[-111.266804,44.667512],[-111.278477,44.651265],[-111.219319,44.622521],[-111.240889,44.614525],[-111.227631,44.576687],[-111.131382,44.532429],[-111.127383,44.49762],[-111.052434,44.478411],[-111.054556,45.000955],[-109.0807,44.99944],[-107.084886,44.9966],[-105.928174,44.993487],[-104.057879,44.997605],[-104.039694,44.99807],[-104.045547,45.945308],[-104.044287,47.496244],[-104.048692,48.999899]]]},"properties":{"code":"US-MT","name":"Montana","country":"US"},"bbox":[-116.049108,44.359588,-104.039694,49.000846]},{"type":"Feature","geometry":{"type":"Polygon","coordinates":[[[-94.617964,36.998905],[-94.608519,39.116244],[-94.588658,39.151163],[-94.655787,39.15568],[-94.67824,39.184169],[-94.740777,39.169987],[-94.782951,39.207162],[-94.831679,39.215938],[-94.830553,39.255135],[-94.906126,39.314721],[-94.885026,39.389801],[-94.942039,39.389499],[-95.109304,39.542285],[-95.104948,39.576604],[-95.05059,39.587563],[-95.027644,39.665454],[-94.970677,39.687239],[-94.963958,39.740361],[-94.899316,39.724042],[-94.862735,39.742195],[-94.869655,39.772899],[-94.910949,39.759178],[-94.934573,39.772961],[-94.875944,39.813294],[-94.940599,39.853018],[-94.93016,39.889934],[-95.009936,39.900636],[-95.039403,39.864832],[-95.124529,39.872857],[-95.149657,39.905948],[-95.20175,39.904377],[-95.205266,39.93975],[-95.250254,39.948644],[-95.30829,39.999998],[-97.049663,40.001323],[-98.719927,40.002205],[-100.439676,40.001705],[-102.051744,40.003078],[-102.044916,38.529295],[-102.042089,36.993016],[-99.99306,37.001609],[-98.300465,36.997684],[-96.500289,36.998643],[-94.617964,36.998905]]]},"properties":{"code":"US-KS","name":"Kansas","country":"US"},"bbox":[-102.051744,36.993016,-94.588658,40.003078]},{"type":"Feature","geometry":{"type":"Polygon","coordinates":[[[-88.02802,37.799197],[-87.95184,37.771695],[-87.907375,37.807129],[-87.940742,37.8845],[-87.895379,37.928016],[-87.829773,37.876425],[-87.675011,37.901643],[-87.67772,37.834157],[-87.615345,37.831882],[-87.583737,37.87808],[-87.627118,37.925706],[-87.589564,37.975345],[-87.510567,37.906081],[-87.449131,37.941854],[-87.386179,37.937804],[-87.22026,37.848971],[-87.161704,37.839764],[-87.129363,37.785991],[-87.105986,37.783062],[-87.065414,37.807614],[-87.034166,37.906265],[-86.918922,37.936837],[-86.820583,37.9994],[-86.732545,37.894768],[-86.647853,37.909387],[-86.662048,37.851533],[-86.63768,37.842826],[-86.598194,37.867163],[-86.588687,37.92109],[-86.507341,37.929505],[-86.525138,38.028734],[-86.433923,38.065705],[-86.461241,38.120926],[-86.432344,38.126336],[-86.401879,38.104329],[-86.380768,38.129018],[-86.32512,38.136339],[-86.325874,38.154029],[-86.376728,38.169743],[-86.361706,38.198698],[-86.272847,38.140835],[-86.264602,38.054768],[-86.178178,38.010561],[-86.094602,38.008809],[-86.038906,37.95899],[-86.030358,37.992057],[-85.925654,38.021784],[-85.90618,38.167906],[-85.829065,38.276554],[-85.781188,38.288307],[-85.743475,38.267294],[-85.679962,38.297585],[-85.606954,38.438574],[-85.505707,38.464717],[-85.419532,38.53533],[-85.456723,38.686357],[-85.435947,38.72871],[-85.272376,38.74074],[-85.173161,38.688007],[-84.991924,38.778284],[-84.813819,38.785075],[-84.830045,38.83014],[-84.785275,38.880425],[-84.877247,38.909413],[-84.830049,38.97256],[-84.897371,39.0574],[-84.820155,39.105419],[-84.803592,40.322422],[-84.805972,41.696118],[-84.805885,41.760171],[-87.207774,41.760956],[-87.523661,41.759907],[-87.52628,40.531729],[-87.531646,39.347888],[-87.620589,39.307046],[-87.597946,39.299479],[-87.604947,39.260212],[-87.571586,39.252287],[-87.574558,39.218404],[-87.658745,39.135997],[-87.635019,39.122124],[-87.652796,39.106839],[-87.615684,39.103316],[-87.620258,39.086572],[-87.572588,39.057286],[-87.579117,39.001607],[-87.560427,38.992425],[-87.578319,38.988786],[-87.512187,38.954417],[-87.516831,38.903697],[-87.544089,38.895093],[-87.553394,38.86241],[-87.495509,38.784626],[-87.514861,38.770503],[-87.495799,38.740699],[-87.531231,38.684036],[-87.62012,38.639489],[-87.61196,38.589248],[-87.638393,38.5922],[-87.670071,38.545237],[-87.646719,38.507767],[-87.750028,38.471427],[-87.730134,38.446518],[-87.745254,38.408996],[-87.822721,38.346912],[-87.840984,38.280105],[-87.861774,38.278637],[-87.870537,38.31222],[-87.91012,38.268108],[-87.909536,38.296061],[-87.934844,38.295145],[-87.960225,38.237118],[-87.988078,38.256717],[-87.977494,38.199783],[-87.934299,38.156459],[-87.910695,38.165096],[-87.945472,38.126616],[-88.015114,38.101411],[-88.006717,38.083924],[-87.96023,38.099893],[-87.967226,38.067105],[-88.042132,38.046345],[-88.007931,38.030845],[-88.025831,38.007245],[-88.012929,37.966544],[-88.036793,37.956793],[-88.034065,37.926159],[-88.069468,37.925704],[-88.020824,37.913758],[-88.014351,37.891916],[-88.09776,37.904026],[-88.025921,37.832694],[-88.090039,37.816771],[-88.02802,37.799197]]]},"properties":{"code":"US-IN","name":"Indiana","country":"US"},"bbox":[-88.09776,37.771695,-84.785275,41.760956]},{"type":"Feature","geometry":{"type":"MultiPolygon","coordinates":[[[[-67.998691,18.17076],[-67.993422,18.062407],[-67.945834,18.017536],[-67.871392,18.000313],[-67.797335,18.058649],[-67.794591,18.115874],[-67.834413,18.163653],[-67.894933,18.166674],[-67.944787,18.210041],[-67.998691,18.17076]]],[[[-67.543025,18.386123],[-67.528321,18.349129],[-67.488607,18.326708],[-67.445228,18.336444],[-67.418043,18.373],[-67.42503,18.40685],[-67.473015,18.438135],[-67.523928,18.421758],[-67.543025,18.386123]]],[[[-66.32322,17.877667],[-66.220301,17.862889],[-66.179711,17.882565],[-66.122305,17.879465],[-66.076723,17.910671],[-66.018891,17.894131],[-65.972882,17.923245],[-65.852531,17.941486],[-65.797639,17.976982],[-65.716098,18.106266],[-65.61805,18.15418],[-65.624604,18.077473],[-65.549699,18.028449],[-65.2496,18.084305],[-65.216255,18.143552],[-65.271986,18.196244],[-65.464425,18.222214],[-65.554643,18.184767],[-65.53384,18.21836],[-65.465368,18.243677],[-65.46154,18.293299],[-65.297224,18.227402],[-65.211489,18.241282],[-65.168825,18.303516],[-65.181762,18.357727],[-65.220943,18.395272],[-65.302921,18.387502],[-65.36918,18.420643],[-65.424333,18.390867],[-65.463978,18.39348],[-65.624606,18.45126],[-65.678612,18.418533],[-65.757203,18.473204],[-65.993401,18.516598],[-66.399649,18.543761],[-66.478561,18.52442],[-66.607524,18.543837],[-66.734606,18.526012],[-66.804219,18.543784],[-66.908102,18.533297],[-67.088265,18.568002],[-67.175508,18.54371],[-67.221626,18.497996],[-67.207937,18.44228],[-67.318694,18.381034],[-67.285964,18.282165],[-67.230465,18.24656],[-67.214236,18.211349],[-67.260171,18.084804],[-67.267494,17.983071],[-67.26068,17.92854],[-67.21496,17.887225],[-67.14279,17.90057],[-66.920997,17.875176],[-66.788154,17.916064],[-66.677065,17.896762],[-66.574067,17.91314],[-66.583085,17.862155],[-66.530936,17.831509],[-66.424485,17.881992],[-66.32322,17.877667]]]]},"properties":{"code":"US-PR","name":"Puerto Rico","country":"US"},"bbox":[-67.998691,17.831509,-65.168825,18.568002]},{"type":"Feature","geometry":{"type":"Polygon","coordinates":[[[-96.563672,45.935245],[-98.311488,45.93612],[-100.125395,45.942219],[-102.011078,45.944521],[-104.045547,45.945308],[-104.039694,44.99807],[-104.057879,44.997605],[-104.053028,43.000585],[-101.633007,42.996255],[-99.962985,42.997661],[-98.49855,42.998559],[-98.444145,42.929242],[-98.147109,42.839631],[-98.035071,42.764114],[-97.936746,42.775683],[-97.875531,42.858656],[-97.841966,42.868166],[-97.686477,42.842212],[-97.611811,42.858367],[-97.443756,42.846018],[-97.407409,42.868391],[-97.237868,42.853139],[-97.210126,42.809296],[-97.130257,42.771541],[-96.97912,42.76009],[-96.961576,42.719841],[-96.906797,42.7338],[-96.806213,42.704154],[-96.793235,42.666021],[-96.691268,42.656198],[-96.709824,42.6051],[-96.611488,42.506086],[-96.548789,42.520547],[-96.501319,42.482749],[-96.445483,42.49063],[-96.476262,42.489969],[-96.49357,42.515626],[-96.47696,42.555972],[-96.498544,42.558116],[-96.509453,42.612704],[-96.529937,42.610471],[-96.516084,42.630275],[-96.630154,42.705438],[-96.639485,42.736928],[-96.58147,42.837726],[-96.550322,42.837531],[-96.525287,42.89191],[-96.541283,42.923927],[-96.498963,42.957802],[-96.520838,42.980314],[-96.491981,43.010197],[-96.521302,43.03966],[-96.460742,43.064337],[-96.436472,43.120166],[-96.468499,43.151887],[-96.476654,43.221941],[-96.559326,43.222934],[-96.55266,43.258148],[-96.58566,43.269352],[-96.588492,43.296175],[-96.526962,43.305229],[-96.521662,43.385905],[-96.594141,43.433824],[-96.599191,43.500456],[-96.45326,43.50039],[-96.453097,45.300751],[-96.521787,45.375645],[-96.692541,45.417338],[-96.856834,45.605378],[-96.838648,45.647509],[-96.662595,45.738682],[-96.583684,45.819307],[-96.563672,45.935245]]]},"properties":{"code":"US-SD","name":"South Dakota","country":"US"},"bbox":[-104.057879,42.482749,-96.436472,45.945308]},{"type":"Feature","geometry":{"type":"Polygon","coordinates":[[[-109.045172,36.998977],[-106.2361,36.994249],[-104.644997,36.993379],[-103.002329,37.00015],[-102.042089,36.993016],[-102.044916,38.529295],[-102.051744,40.003078],[-102.051717,41.002359],[-104.053249,41.001406],[-106.195192,40.997578],[-109.050026,41.000691],[-109.059778,38.717597],[-109.045172,36.998977]]]},"properties":{"code":"US-CO","name":"Colorado","country":"US"},"bbox":[-109.059778,36.993016,-102.042089,41.002359]},{"type":"Feature","geometry":{"type":"Polygon","coordinates":[[[-75.788596,39.722199],[-75.70974,39.79735],[-75.623712,39.832831],[-75.51414,39.836153],[-75.415062,39.801919],[-75.341766,39.846082],[-75.142343,39.88521],[-75.129088,39.960709],[-74.938897,40.066099],[-74.861756,40.083462],[-74.822531,40.126844],[-74.784168,40.120477],[-74.72255,40.149082],[-74.771437,40.215176],[-74.939711,40.338006],[-74.966552,40.398154],[-75.058575,40.418193],[-75.0681,40.541488],[-75.115536,40.57286],[-75.194105,40.576079],[-75.200452,40.649219],[-75.176803,40.675715],[-75.203921,40.691498],[-75.182084,40.731522],[-75.196535,40.751631],[-75.171587,40.777745],[-75.108505,40.791094],[-75.083929,40.824471],[-75.095784,40.847082],[-75.051029,40.865662],[-75.131096,40.990464],[-74.969123,41.086803],[-74.991815,41.089132],[-74.982,41.10849],[-74.883353,41.179561],[-74.795572,41.320342],[-74.69558,41.357607],[-74.738732,41.430781],[-74.892625,41.438617],[-74.913035,41.476017],[-74.982821,41.480508],[-75.074678,41.606527],[-75.044181,41.618063],[-75.068957,41.709327],[-75.049687,41.713372],[-75.052969,41.751793],[-75.104711,41.774384],[-75.072248,41.814131],[-75.162879,41.850555],[-75.17246,41.872283],[-75.258316,41.862274],[-75.278763,41.938713],[-75.359645,41.999554],[-77.828396,41.998259],[-79.761954,41.998841],[-79.762418,42.516072],[-80.080222,42.394162],[-80.519851,42.327132],[-80.518991,40.638801],[-80.519342,39.721403],[-79.476662,39.721078],[-77.50681,39.71987],[-75.788596,39.722199]]]},"properties":{"code":"US-PA","name":"Pennsylvania","country":"US"},"bbox":[-80.519851,39.71987,-74.69558,42.516072]},{"type":"Feature","geometry":{"type":"Polygon","coordinates":[[[-124.159546,46.261132],[-124.035951,46.264183],[-124.024877,46.299099],[-123.930477,46.238805],[-123.87263,46.234987],[-123.741449,46.269155],[-123.688115,46.250105],[-123.479644,46.269131],[-123.427629,46.229348],[-123.430987,46.181571],[-123.371433,46.146372],[-123.280166,46.144843],[-123.166416,46.188979],[-123.115904,46.185268],[-122.904119,46.083734],[-122.813999,45.960983],[-122.795605,45.81],[-122.761451,45.759163],[-122.76381,45.657138],[-122.643907,45.609739],[-122.438674,45.563585],[-122.380302,45.575941],[-122.294901,45.543541],[-122.003554,45.615947],[-121.811184,45.706715],[-121.707295,45.694836],[-121.532934,45.726504],[-121.423962,45.694074],[-121.337712,45.704839],[-121.215768,45.671228],[-121.196459,45.61661],[-121.167852,45.606098],[-121.06446,45.652491],[-120.895822,45.642923],[-120.635051,45.745711],[-120.559287,45.738315],[-120.482615,45.694407],[-120.403651,45.699444],[-120.210774,45.725915],[-120.170603,45.76198],[-119.965772,45.824376],[-119.669974,45.856908],[-119.600543,45.919549],[-119.488083,45.906361],[-119.257072,45.939867],[-119.126322,45.932784],[-118.987258,45.999855],[-116.916071,45.995357],[-116.982589,46.090075],[-116.922341,46.168774],[-116.965384,46.203122],[-116.986216,46.29595],[-117.062788,46.353605],[-117.034626,46.417845],[-117.04214,47.758161],[-117.032345,48.999201],[-120.037287,48.999447],[-121.753225,48.997297],[-123.32224,49.002072],[-123.008485,48.831219],[-123.008486,48.767099],[-123.267877,48.693993],[-123.218929,48.548708],[-123.115138,48.42283],[-123.248435,48.284016],[-123.541216,48.224553],[-124.012056,48.296671],[-124.763031,48.499784],[-124.745838,48.445663],[-124.801175,48.423242],[-124.817912,48.391003],[-124.761387,48.295688],[-124.780504,48.22858],[-124.848974,48.181373],[-124.785187,48.087115],[-124.801425,47.97918],[-124.70418,47.854737],[-124.540302,47.716445],[-124.555911,47.645765],[-124.461402,47.62496],[-124.41355,47.36873],[-124.306367,47.248083],[-124.27366,47.165071],[-124.246642,46.917813],[-124.194581,46.844092],[-124.14526,46.670474],[-124.130532,46.408316],[-124.159546,46.261132]]]},"properties":{"code":"US-WA","name":"Washington","country":"US"},"bbox":[-124.848974,45.543541,-116.916071,49.002072]},{"type":"Feature","geometry":{"type":"Polygon","coordinates":[[[-91.166095,33.004291],[-92.335467,33.010358],[-94.043015,33.019262],[-94.042241,31.993609],[-94.018514,31.992432],[-93.97171,31.920386],[-93.928651,31.912645],[-93.93119,31.891495],[-93.900616,31.896788],[-93.873253,31.814886],[-93.823443,31.775098],[-93.836884,31.750171],[-93.794462,31.70332],[-93.826462,31.666919],[-93.811516,31.647435],[-93.834918,31.586212],[-93.787687,31.527344],[-93.711046,31.512161],[-93.749476,31.46869],[-93.703934,31.455493],[-93.704879,31.410881],[-93.674117,31.397681],[-93.670999,31.366221],[-93.639222,31.37202],[-93.687278,31.306068],[-93.620343,31.271025],[-93.589119,31.165889],[-93.532545,31.183314],[-93.539366,31.115207],[-93.563746,31.094522],[-93.527645,31.07451],[-93.508039,31.031532],[-93.578207,30.999995],[-93.573537,30.971206],[-93.531758,30.958217],[-93.526013,30.937535],[-93.57408,30.884529],[-93.554433,30.823524],[-93.592101,30.763675],[-93.614346,30.760195],[-93.605391,30.717159],[-93.629887,30.679935],[-93.682972,30.641251],[-93.678949,30.593637],[-93.713782,30.587584],[-93.740253,30.539569],[-93.707683,30.521337],[-93.697578,30.442233],[-93.757668,30.390441],[-93.765829,30.332745],[-93.704584,30.289949],[-93.721259,30.209611],[-93.699953,30.175529],[-93.709508,30.146672],[-93.688205,30.141357],[-93.734085,30.08613],[-93.699516,30.058578],[-93.718816,30.064796],[-93.789431,29.987812],[-93.840646,29.880005],[-93.927992,29.80964],[-93.837412,29.689885],[-93.814351,29.596576],[-93.77036,29.623924],[-93.770147,29.670825],[-93.722673,29.687867],[-93.487754,29.717811],[-93.339294,29.695085],[-93.240815,29.727298],[-93.029108,29.677855],[-92.624974,29.528328],[-92.29367,29.481496],[-92.146666,29.532037],[-92.07805,29.531489],[-92.022754,29.470636],[-91.913207,29.420207],[-91.875032,29.361992],[-91.832768,29.362562],[-91.77749,29.396084],[-91.712193,29.360626],[-91.644044,29.375555],[-91.421128,29.302828],[-91.292681,29.196177],[-91.103303,29.138377],[-90.974925,29.121509],[-90.960372,29.111064],[-91.017447,29.082584],[-91.017447,29.038653],[-90.90708,28.991132],[-90.746858,28.988595],[-90.552547,29.036806],[-90.40938,28.99534],[-90.344319,29.003178],[-90.162662,29.051249],[-90.032325,29.135044],[-89.599159,29.197877],[-89.510322,29.165313],[-89.468673,29.107461],[-89.465736,28.974437],[-89.49208,28.901487],[-89.467315,28.866508],[-89.425697,28.855127],[-89.384727,28.871503],[-89.279604,28.977783],[-89.234903,28.987152],[-89.185332,28.930478],[-89.11485,28.926368],[-89.012688,29.02768],[-88.996902,29.085304],[-88.91731,29.133556],[-88.91831,29.236276],[-89.069426,29.294297],[-89.137612,29.381429],[-89.142073,29.429465],[-89.119451,29.458065],[-89.052859,29.480001],[-88.912657,29.61178],[-88.82343,29.714992],[-88.774707,29.818137],[-88.758388,29.918271],[-88.773276,30.000198],[-88.854913,30.135532],[-88.88903,30.139845],[-89.096476,30.165829],[-89.183669,30.212155],[-89.260977,30.181998],[-89.494973,30.16075],[-89.534835,30.195383],[-89.580696,30.186332],[-89.647178,30.289367],[-89.629592,30.33896],[-89.683837,30.40582],[-89.683403,30.451536],[-89.803919,30.549349],[-89.786865,30.569053],[-89.807952,30.567653],[-89.830711,30.617221],[-89.814002,30.638246],[-89.852203,30.661684],[-89.836939,30.734913],[-89.816075,30.738908],[-89.835124,30.771092],[-89.781502,30.818945],[-89.79247,30.850386],[-89.771722,30.854677],[-89.77341,30.897693],[-89.744789,30.918933],[-89.756513,30.942861],[-89.727072,30.967395],[-89.731673,31.004817],[-91.636942,30.999416],[-91.578413,31.02403],[-91.559907,31.054119],[-91.626862,31.118771],[-91.588939,31.188959],[-91.654027,31.255753],[-91.515614,31.27821],[-91.50866,31.315131],[-91.548213,31.346084],[-91.546059,31.382221],[-91.568953,31.377629],[-91.576265,31.410498],[-91.543366,31.432608],[-91.521836,31.37517],[-91.474809,31.368646],[-91.472067,31.397076],[-91.51513,31.449206],[-91.522536,31.522078],[-91.447616,31.540666],[-91.405415,31.576466],[-91.418816,31.596565],[-91.492918,31.589565],[-91.515462,31.630372],[-91.49613,31.64531],[-91.436216,31.612465],[-91.401015,31.620365],[-91.398015,31.708964],[-91.369375,31.746903],[-91.263111,31.754764],[-91.281212,31.772263],[-91.365614,31.760763],[-91.345214,31.843861],[-91.294013,31.86046],[-91.283212,31.815762],[-91.254311,31.813662],[-91.267712,31.86266],[-91.182277,31.915814],[-91.18481,31.965557],[-91.075908,32.016827],[-91.15381,32.050655],[-91.15851,32.072854],[-91.135709,32.080654],[-91.080908,32.047855],[-91.081108,32.078353],[-91.035207,32.100453],[-91.004106,32.146152],[-91.002906,32.162052],[-91.058307,32.180951],[-91.053555,32.124412],[-91.162822,32.132694],[-91.164171,32.196888],[-91.061408,32.21865],[-91.039007,32.242348],[-91.002906,32.22305],[-90.994944,32.193141],[-90.969403,32.25252],[-90.979475,32.293702],[-90.949781,32.283056],[-90.922231,32.298639],[-90.875638,32.371729],[-90.912363,32.339454],[-90.993625,32.354047],[-90.969587,32.439492],[-91.051407,32.437842],[-91.115708,32.48234],[-91.093742,32.549127],[-91.038106,32.49044],[-90.987202,32.495663],[-91.080411,32.556468],[-91.008245,32.604239],[-91.0158,32.641644],[-91.049802,32.607185],[-91.119854,32.584795],[-91.151318,32.615918],[-91.152081,32.641508],[-91.054481,32.722259],[-91.165328,32.7513],[-91.145002,32.842869],[-91.063684,32.906364],[-91.106581,32.988937],[-91.135517,32.979657],[-91.145076,32.905493],[-91.207046,32.914091],[-91.201842,32.961212],[-91.166095,33.004291]]]},"properties":{"code":"US-LA","name":"Louisiana","country":"US"},"bbox":[-94.043015,28.855127,-88.758388,33.019262]},{"type":"Feature","geometry":{"type":"MultiPolygon","coordinates":[[[[145.058966,14.125],[145.077746,14.060409],[145.177988,14.036565],[145.273925,14.063995],[145.339641,14.108276],[145.37448,14.200825],[145.351703,14.24441],[145.235625,14.266597],[145.114309,14.216907],[145.058966,14.125]]],[[[145.587745,15.127748],[145.535022,15.089214],[145.513604,15.026829],[145.524765,14.971455],[145.562891,14.934284],[145.489352,14.8987],[145.468222,14.853345],[145.482681,14.799207],[145.532625,14.772689],[145.591717,14.781431],[145.730764,14.917296],[145.75007,15.066604],[145.802681,15.075619],[145.875984,15.135438],[145.909365,15.274084],[145.896347,15.308731],[145.852815,15.35189],[145.781815,15.34835],[145.708511,15.275266],[145.669296,15.161962],[145.648314,15.138668],[145.587745,15.127748]]],[[[145.746659,17.599369],[145.776726,17.535967],[145.817791,17.514456],[145.867656,17.517716],[145.918333,17.56724],[145.917701,17.654632],[145.856873,17.690546],[145.800108,17.684088],[145.746659,17.599369]]],[[[145.643752,18.057948],[145.664022,18.009252],[145.721616,17.98604],[145.844237,18.045535],[145.890652,18.155066],[145.855991,18.223203],[145.767031,18.242154],[145.716357,18.212735],[145.643752,18.057948]]],[[[145.563143,18.778823],[145.60861,18.682278],[145.661198,18.659173],[145.736617,18.687905],[145.769805,18.75],[145.75,18.827095],[145.709974,18.872403],[145.676085,18.880547],[145.607845,18.865858],[145.563143,18.778823]]],[[[145.306333,19.698405],[145.330327,19.615001],[145.400016,19.588428],[145.454978,19.604879],[145.495623,19.679918],[145.47271,19.72673],[145.396921,19.764708],[145.359687,19.756413],[145.306333,19.698405]]],[[[145.131885,20.039561],[145.142601,19.986255],[145.212143,19.947337],[145.282238,19.96878],[145.314965,20.032962],[145.285568,20.081935],[145.233609,20.102666],[145.160935,20.086159],[145.131885,20.039561]]],[[[146.001994,16.028784],[146.010714,15.97067],[146.044442,15.947893],[146.133159,15.981021],[146.154418,16.022768],[146.13818,16.074652],[146.094034,16.097283],[146.050775,16.093368],[146.001994,16.028784]]],[[[145.764369,17.344389],[145.77421,17.273078],[145.846816,17.225265],[145.912142,17.270758],[145.936555,17.340371],[145.896409,17.388388],[145.850541,17.401189],[145.801572,17.386987],[145.764369,17.344389]]],[[[145.701166,16.724112],[145.711746,16.665675],[145.762957,16.632237],[145.842076,16.647923],[145.867632,16.690521],[145.867898,16.741755],[145.792386,16.791971],[145.722186,16.763996],[145.701166,16.724112]]],[[[145.558836,16.374152],[145.575072,16.305815],[145.649909,16.273765],[145.732906,16.29331],[145.782822,16.359917],[145.75,16.437652],[145.67571,16.452348],[145.625,16.442499],[145.558836,16.374152]]],[[[144.815443,20.562823],[144.826761,20.491766],[144.862474,20.467095],[144.926431,20.470093],[144.979146,20.525863],[144.971092,20.581185],[144.923036,20.614367],[144.846104,20.605158],[144.815443,20.562823]]]]},"properties":{"code":"US-MP","name":"Commonwealth of the Northern Mariana Islands","country":"US"},"bbox":[144.815443,14.036565,146.154418,20.614367]},{"type":"Feature","geometry":{"type":"Polygon","coordinates":[[[144.563426,13.448065],[144.59304,13.392423],[144.577588,13.34404],[144.608375,13.270612],[144.596214,13.207698],[144.635795,13.182452],[144.740558,13.195191],[144.817987,13.280448],[144.826594,13.38145],[144.972038,13.5],[145.00821,13.586238],[145.003108,13.618143],[144.889153,13.698222],[144.838474,13.702694],[144.789598,13.653312],[144.75,13.551892],[144.611151,13.510243],[144.563426,13.448065]]]},"properties":{"code":"US-GU","name":"Guam","country":"US"},"bbox":[144.563426,13.182452,145.00821,13.702694]},{"type":"Feature","geometry":{"type":"Polygon","coordinates":[[[-70.575094,42.917126],[-70.540231,42.944032],[-70.528882,43.005769],[-70.552133,43.043044],[-70.599658,43.056939],[-70.582163,43.095487],[-70.540127,43.130547],[-70.52508,43.089278],[-70.459072,43.071478],[-70.404128,43.109356],[-70.440938,43.16664],[-70.521675,43.154883],[-70.520831,43.252104],[-70.49323,43.286829],[-70.367397,43.323317],[-70.155986,43.524444],[-69.855212,43.646947],[-69.730396,43.657273],[-69.664745,43.711748],[-69.550938,43.707144],[-69.505785,43.778456],[-69.40927,43.810817],[-69.387279,43.799016],[-69.387588,43.736105],[-69.335093,43.704485],[-69.282948,43.713766],[-69.238097,43.750084],[-69.26234,43.815374],[-69.236554,43.825626],[-69.197199,43.795992],[-69.149825,43.795735],[-69.055894,43.858911],[-69.022784,43.842507],[-69.009922,43.798436],[-68.949836,43.78017],[-68.925518,43.750088],[-68.826916,43.735711],[-68.786139,43.768364],[-68.785324,43.804339],[-68.669433,43.869576],[-68.679258,43.923455],[-68.742649,43.943147],[-68.721478,43.961938],[-68.568388,43.95797],[-68.436843,44.053233],[-68.311393,44.053429],[-68.263136,44.090617],[-68.20336,44.099587],[-68.175858,44.125083],[-68.17075,44.190114],[-68.122626,44.226041],[-68.12828,44.264253],[-67.999446,44.280197],[-67.925178,44.341434],[-67.874443,44.316925],[-67.823728,44.327038],[-67.77475,44.411314],[-67.729531,44.387702],[-67.636544,44.383592],[-67.553656,44.40317],[-67.473027,44.448339],[-67.443396,44.505279],[-67.335983,44.522697],[-67.140854,44.608265],[-66.885444,44.794208],[-66.974863,44.841605],[-66.96871,44.910389],[-67.021665,44.953914],[-67.158871,45.162035],[-67.227284,45.163429],[-67.28336,45.191859],[-67.295973,45.147837],[-67.340848,45.125041],[-67.429267,45.193465],[-67.489663,45.282133],[-67.419235,45.377104],[-67.503714,45.486704],[-67.463599,45.50838],[-67.416211,45.501295],[-67.450018,45.602466],[-67.519216,45.587568],[-67.639102,45.625115],[-67.645566,45.613339],[-67.709574,45.681328],[-67.734552,45.68892],[-67.727229,45.66264],[-67.818008,45.693819],[-67.809622,45.729574],[-67.781796,45.731117],[-67.806483,45.794405],[-67.755319,45.82335],[-67.803911,45.882898],[-67.750628,45.917636],[-67.781248,45.94345],[-67.790196,47.06722],[-67.882916,47.104403],[-67.957218,47.199619],[-68.234469,47.355301],[-68.36313,47.354657],[-68.377858,47.287375],[-68.58005,47.287115],[-68.617512,47.243372],[-68.717024,47.240541],[-68.900034,47.177742],[-69.050747,47.256479],[-69.043217,47.426784],[-69.224461,47.459833],[-69.997111,46.69552],[-70.0565,46.415578],[-70.191189,46.350217],[-70.292692,46.191464],[-70.236283,46.145233],[-70.253114,46.100119],[-70.301909,46.08236],[-70.310956,46.064182],[-70.278321,46.056286],[-70.317996,46.019075],[-70.283942,45.995488],[-70.315859,45.962991],[-70.277004,45.967251],[-70.239142,45.943944],[-70.258822,45.891169],[-70.41687,45.795536],[-70.383836,45.734554],[-70.400346,45.719717],[-70.558589,45.666476],[-70.687692,45.569422],[-70.677099,45.552211],[-70.722571,45.513672],[-70.681114,45.452183],[-70.629821,45.426314],[-70.634888,45.383417],[-70.798095,45.426516],[-70.82595,45.398381],[-70.808426,45.311817],[-70.857533,45.229134],[-70.896943,45.241864],[-70.952379,45.339117],[-71.010652,45.347675],[-71.008521,45.319241],[-71.083928,45.305484],[-70.98904,43.790138],[-70.972759,43.570383],[-70.950632,43.551313],[-70.985943,43.380055],[-70.956492,43.334287],[-70.931178,43.336545],[-70.906564,43.292036],[-70.809821,43.225882],[-70.82708,43.127395],[-70.756412,43.080177],[-70.70631,43.075339],[-70.575094,42.917126]]]},"properties":{"code":"US-ME","name":"Maine","country":"US"},"bbox":[-71.083928,42.917126,-66.885444,47.459833]}]}